variant,mutant_residue,mutant_plddt,ca_rmsd,backbone_rmsd,mutant_ca_displacement,shell_rmsd_5A,shell_rmsd_8A,shell_rmsd_12A,ramachandran_violation,pam250_score,delta_hydrophobicity,delta_size,delta_charge,delta_aromaticity,is_charge_reversal,is_size_increase,is_hydrophobic_to_polar,is_polar_to_hydrophobic,evoef2_ddg_Total,is_disordered_variant,ddg_evoef2
S1577P,1577,24.421428571428574,0.2256587198571124,0.2549440993659692,19.082468774257187,,,,1,1.0,-0.8,10.0,0,0,0,1,0,0,-147.8699999999999,1,0.0199999999999818
P1579C,1579,19.73333333333333,0.1446883623191725,0.1841695708502957,96.71150693869836,,,,1,-3.0,4.1,6.0,0,0,0,1,0,1,-120.13000000000012,1,-3.759999999999763
S1580F,1580,20.123636363636365,0.3908053792468351,0.3887390804343097,70.87985550886725,,,,0,-3.0,3.5999999999999996,60.0,0,1,0,1,0,1,-323.32000000000016,1,13.539999999999964
D1582N,1582,23.63125,0.3456319063446412,0.3647860007806542,46.36026947984232,,,,1,2.0,0.0,-1.0,1,0,1,0,0,0,253.92000000000007,1,-0.5099999999997635
A1584P,1584,22.014285714285716,0.3962491891258644,0.4126625959003328,50.7020611593369,,,,0,1.0,-3.4000000000000004,26.0,0,0,0,1,1,0,-290.02999999999975,1,-5.960000000000036
A1584S,1584,20.648333333333333,0.3481056810059222,0.36718125857166,41.67361230684469,,,,0,1.0,-2.6,16.0,0,0,0,1,1,0,-66.40999999999985,1,-4.7599999999997635
A1588D,1588,21.27875,0.2381129945380408,0.2545498547129624,48.92362771279403,,,,0,0.0,-5.3,44.0,-1,0,1,1,1,0,-114.05000000000018,1,-3.650000000000091
G1591S,1591,24.27333333333333,0.1947409164970945,0.2236407291155647,16.68576797820022,,,,0,1.0,-0.4,30.0,0,0,0,1,0,0,108.47000000000024,1,9.690000000000056
N1592K,1592,21.346666666666664,0.1726435294238596,0.2032688320579015,47.77294918294835,,,,1,1.0,-0.3999999999999999,14.0,1,0,1,1,0,0,184.36000000000013,1,-1.139999999999873
N1592L,1592,21.7775,0.2976906663469518,0.3049415508464434,27.37980958740719,,,,1,-3.0,7.3,-1.0,0,0,0,0,0,1,596.8199999999997,1,4.150000000000091
P1594L,1594,18.70875,0.2207511343848593,0.2292300216795065,59.10231165959556,,,,0,-3.0,5.4,16.0,0,0,0,1,0,1,228.11000000000013,1,-1.4299999999998363
K1601Y,1601,21.02166666666667,0.1761690750413738,0.1824107095587088,67.15156057404332,,,,0,-4.0,2.5999999999999996,35.0,-1,1,1,1,0,0,-44.4699999999998,1,-0.6799999999998363
V1602S,1602,19.976666666666667,0.3446470692189619,0.3678640666955638,54.693009220656,,,,0,-1.0,-5.0,-12.0,0,0,0,0,1,0,118.53999999999996,1,-8.88000000000011
L1605H,1605,21.252,0.2375267730259944,0.2529801142366414,34.96190432430793,,,,0,-2.0,-7.0,24.0,0,1,0,1,1,0,360.1800000000003,1,-2.5900000000001455
K1606E,1606,23.12777777777778,0.3858328639604343,0.3844786106606254,48.70669417159239,,,,0,0.0,0.3999999999999999,1.0,-2,0,1,1,0,0,-140.80999999999997,1,2.1399999999998727
K1606V,1606,21.107142857142858,0.2895646634351578,0.2999971847079239,39.78940153128444,,,,0,-2.0,8.1,-29.0,-1,0,1,0,0,1,30.639999999999873,1,15.420000000000073
E1609K,1609,18.028888888888886,0.2654229423977325,0.2845495426673891,28.45009816304813,,,,0,0.0,-0.3999999999999999,-1.0,2,0,1,0,0,0,-313.6999999999998,1,-1.3299999999999272
Q1612R,1612,20.835454545454542,0.14702498473374,0.1951326596559321,25.652908993884324,,,,0,1.0,-1.0,28.0,1,0,1,1,0,0,-227.17999999999984,1,-0.2799999999997453
P1614S,1614,23.92833333333333,0.286234035972672,0.3143647539605278,57.66486830188066,,,,0,1.0,0.8,-10.0,0,0,0,0,0,0,-118.13000000000012,1,-2.880000000000109
H1618Y,1618,25.957499999999996,0.3683763124399683,0.3836989430312144,56.81447580946287,,,,0,0.0,1.9,26.0,0,0,0,1,0,0,-267.25,1,0.3099999999999454
T1619K,1619,23.232222222222223,0.300014413085579,0.3374486865927721,57.70172500220709,,,,0,0.0,-3.2,27.0,1,0,1,1,0,0,229.69999999999985,1,-4.179999999999836
T1620Q,1620,24.59222222222222,0.2544332586589464,0.3006473056839295,53.314272541478935,,,,0,-1.0,-2.8,27.0,0,0,0,1,0,0,75.30999999999995,1,-4.5900000000001455
D1621C,1621,22.02,0.2747466478630844,0.3094197492682266,43.56684663743746,,,,1,-5.0,6.0,-12.0,1,0,1,0,0,1,49.01000000000022,1,-1.3299999999999272
D1621P,1621,26.035714285714285,0.3082868633122134,0.3176198632453211,32.16864049995536,,,,1,-1.0,1.9,-18.0,1,0,1,0,0,0,57.82999999999993,1,1.7699999999999818
G1624L,1624,19.022499999999997,0.1978733820954161,0.2248717986119285,37.38001744218626,,,,1,-4.0,4.2,56.0,0,0,0,1,0,1,-180.75,1,5.210000000000036
Y1625S,1625,23.803333333333335,0.3172737375815486,0.3694007169610058,6.224737334394301,,,,1,-3.0,0.5,-76.0,0,-1,0,0,0,0,164.36000000000013,1,-1.7199999999998
A1627L,1627,16.54375,0.3904773160934383,0.3949676809912851,60.20536327084971,,,,0,-2.0,2.0,42.0,0,0,0,1,0,0,-244.80000000000015,1,-1.9200000000000728
M1628C,1628,19.653333333333332,0.1719475745855996,0.2048420382203848,8.484545470133197,,,,0,-5.0,0.6000000000000001,-28.0,0,0,0,0,0,0,-191.46000000000004,1,-5.460000000000036
E1629F,1629,20.07181818181818,0.1763611965115388,0.1780716644513503,57.37784212526175,,,,0,-5.0,6.3,18.0,1,1,1,1,0,1,-127.84000000000016,1,-1.2799999999997451
S1631L,1631,21.18375,0.2021436922557677,0.2276380103499119,51.136706990649714,,,,1,-3.0,4.6,26.0,0,0,0,1,0,1,411.34000000000015,1,-3.0
V1632A,1632,23.062,0.4176736349404233,0.4125621967052224,13.520323258541769,,,,0,0.0,-2.4000000000000004,-28.0,0,0,0,0,0,0,-230.13999999999987,1,-2.800000000000182
S1633C,1633,23.138333333333332,0.2604230211086976,0.2973953770021299,39.24525448159388,,,,0,0.0,3.3,16.0,0,0,0,1,0,1,-181.40999999999983,1,-0.849999999999909
E1638T,1638,27.201428571428572,0.249887886026373,0.2711640708404185,20.95412619464144,,,,0,0.0,2.8,-28.0,1,0,1,0,0,0,-98.88999999999989,1,-2.0099999999997635
T1643S,1643,39.40666666666667,0.2240545153161314,0.2702766469188206,4.993856927077531,,,,1,1.0,-0.1,-14.0,0,0,0,0,0,0,380.2399999999998,1,-4.610000000000127
R1645K,1645,44.17888888888889,0.3164930599323051,0.3512371731850506,3.431362525186474,,,,1,3.0,0.6000000000000001,-28.0,0,0,0,0,0,0,-146.67999999999984,1,-6.1599999999998545
R1645T,1645,51.355714285714285,0.2574585292115336,0.2945781268230027,2.5678601962787964,,,,1,-1.0,3.8,-55.0,-1,0,1,0,0,0,-119.40999999999984,1,-5.099999999999909
M1652I,1652,93.23625,0.3798944191345567,0.4193479960966559,0.1695447896747159,0.1462786100580642,0.1624637059554075,0.1814725599611938,0,2.0,2.6,-18.0,0,0,0,0,0,0,-214.13999999999987,0,-2.699999999999818
M1652T,1652,90.7242857142857,0.1548748424758426,0.1605521217105808,0.0531584957041197,0.0855520707883322,0.0817003386199164,0.0745537543162422,0,-1.0,-2.5999999999999996,-30.0,0,0,0,0,1,0,-287.4200000000001,0,0.3099999999999454
S1655A,1655,93.72,0.1921769352463039,0.2213326119468293,0.1772539735977813,0.1714049802007336,0.126346530348737,0.1226008850750585,0,1.0,2.6,-16.0,0,0,0,0,0,1,-247.73999999999975,0,-14.769999999999982
S1655P,1655,86.80428571428571,0.2158339171102711,0.2537098802532537,0.9664780506191772,0.7488004787012332,0.4104618999398455,0.2638033131039019,1,1.0,-0.8,10.0,0,0,0,1,0,0,-368.32000000000016,0,-11.170000000000073
G1656E,1656,81.83777777777777,0.3489773691449331,0.3729092164248935,0.2781644522858573,0.1836710275021218,0.1441639304755863,0.1300474691449434,0,0.0,-3.1,72.0,-1,0,1,1,0,0,553.1499999999996,0,-2.2399999999997817
G1656H,1656,83.775,0.215301617546358,0.2620712357245239,0.3310280272725895,0.1983388488565005,0.1631542214007134,0.1709782101896249,0,-2.0,-2.8000000000000003,80.0,0,1,0,1,0,0,74.15999999999985,0,-2.349999999999909
T1658I,1658,87.85625,0.1918661502979791,0.2233415502417327,0.3570976059448584,0.2615219934294305,0.2248030942754618,0.1939796316534586,0,0.0,5.2,12.0,0,0,0,1,0,1,106.97000000000024,0,-2.7100000000000364
P1659A,1659,90.922,0.3266373734126031,0.3255360291384619,0.0930442381247661,0.1048363732266889,0.1059046866915633,0.1108106610868861,0,1.0,3.4000000000000004,-26.0,0,0,0,0,0,1,69.26000000000022,0,-9.029999999999744
F1662S,1662,89.58833333333332,0.1973711233876685,0.2068832682649818,0.337147574140454,0.2910365980106964,0.242233385481795,0.1925245853412537,0,-3.0,-3.5999999999999996,-60.0,0,-1,0,0,1,0,-67.26999999999998,0,-9.699999999999818
F1662V,1662,90.71285714285716,0.3214419504762407,0.3333022375042405,0.1511360996638124,0.1550759295212397,0.1365910645561057,0.1209594585409009,0,-1.0,1.4000000000000004,-48.0,0,-1,0,0,0,0,-25.949999999999815,0,-11.670000000000073
L1664M,1664,89.20625,0.2958935925813422,0.3235593778733421,0.4194193744870869,0.3432479603287454,0.2926125697976469,0.2361565753329289,0,4.0,-1.9,18.0,0,0,0,1,0,0,42.57999999999993,0,-11.2199999999998
V1665M,1665,86.64750000000001,0.4052788697582946,0.4101171515873262,0.4008974279020355,0.3447326404923909,0.2806113220129049,0.203290448486074,0,2.0,-2.3000000000000003,32.0,0,0,0,1,0,0,-19.86999999999989,0,-1.650000000000091
Y1666T,1666,91.2042857142857,0.2402071792503716,0.2718028464739522,0.1393831908234925,0.1457815441461354,0.1408285463227122,0.1336118276189425,0,-3.0,0.6000000000000001,-62.0,0,-1,0,0,0,0,-181.0,0,-13.230000000000018
K1667A,1667,93.196,0.3667906643987285,0.3919566765393699,0.0623460779561382,0.0666934362851454,0.1084324378338461,0.1283832962099736,0,-1.0,5.7,-57.0,-1,0,1,0,0,1,287.78999999999996,0,-2.0099999999997635
A1669G,1669,93.11,0.1827492340181792,0.1834352384188337,0.1830977795082333,0.2030085260314509,0.2121832091892373,0.1850164331930588,0,1.0,-2.2,-14.0,0,0,0,0,1,0,-110.80000000000018,0,0.6300000000001091
A1669P,1669,85.15142857142857,0.3216860093254755,0.3361913523435507,0.6671549783424652,0.6763759658768023,0.6481302008540387,0.5818043931956833,0,1.0,-3.4000000000000004,26.0,0,0,0,1,1,0,-145.67000000000007,0,30.51000000000022
A1669S,1669,92.43833333333332,0.3549088431364229,0.3613227703631366,0.2128453943970563,0.1709977096262088,0.1608512453764354,0.1270243936308294,0,1.0,-2.6,16.0,0,0,0,1,1,0,474.52999999999975,0,-0.1999999999998181
R1670L,1670,86.825,0.4216572101588052,0.4282768105370794,0.1717163807293738,0.1839235606908061,0.1909103682659656,0.1843784663420281,0,-3.0,8.3,-43.0,-1,0,1,0,0,1,20.110000000000127,0,-3.25
H1673F,1673,85.14181818181818,0.3301353295807165,0.3567149643071304,0.2163121939651142,0.1823971091998277,0.1812762611117269,0.1685313969564628,0,-2.0,6.0,10.0,0,0,0,1,0,1,410.1300000000001,0,-6.0900000000001455
I1674C,1674,90.41333333333334,0.2635966866651676,0.2936849086227832,0.2779962621662584,0.2686226656071904,0.2476927425427558,0.2362103611017664,0,-2.0,-2.0,-10.0,0,0,0,0,0,0,-128.53999999999996,0,3.380000000000109
I1674E,1674,86.54111111111109,0.4133302642014194,0.4392458004608329,0.5688472499837803,0.4303602392763136,0.3166500105767577,0.2561947908015165,0,-2.0,-8.0,16.0,-1,0,1,1,1,0,-308.6100000000001,0,3.0599999999999454
I1674H,1674,85.672,0.3912019578764219,0.4173151500567075,0.3123606605465528,0.2184892240294432,0.1801181880022388,0.1709977687871056,0,-2.0,-7.7,24.0,0,1,0,1,1,0,196.75,0,2.3200000000001637
I1674N,1674,88.3375,0.1515560556787528,0.1777294941007053,0.2955815427330519,0.2242379442618995,0.2046906742449759,0.1649144089647116,0,-2.0,-8.0,1.0,0,0,0,1,1,0,13.179999999999836,0,3.25
I1674T,1674,88.14142857142858,0.3645713616946258,0.3793702097169792,0.4172234336706555,0.2634076008139609,0.185047817294559,0.1502712618479053,0,0.0,-5.2,-12.0,0,0,0,0,1,0,-145.63999999999987,0,4.360000000000127
T1675I,1675,91.465,0.2444900286412707,0.2830282828490633,0.2452585444517729,0.1951184525362443,0.1979002649956706,0.1766758623048107,0,0.0,5.2,12.0,0,0,0,1,0,1,125.65000000000008,0,-3.0900000000001455
L1679G,1679,91.225,0.2759149679995488,0.289935486949984,0.5285297228487503,0.3637053403682381,0.2861337002316413,0.2053704962057753,0,-4.0,-4.2,-56.0,0,0,0,0,1,0,-366.79,0,-8.7199999999998
L1679N,1679,86.7425,0.3190467288715216,0.3600702103684908,0.4141195136288237,0.2951083041907037,0.2461034706118273,0.1869398205668904,0,-3.0,-7.3,1.0,0,0,0,1,1,0,-39.61000000000013,0,-9.900000000000093
L1679W,1679,75.38285714285715,0.2625938824467695,0.2964841861653007,0.2623896937875138,0.1895149231899995,0.14805127552765,0.1054200828193611,0,-2.0,-4.7,73.0,0,1,0,1,1,0,-345.8499999999999,0,-8.539999999999964
I1680E,1680,87.06666666666666,0.2044356376173959,0.233075248817592,0.1542560996402828,0.172901304762565,0.1593674039737748,0.1468700095517593,0,-2.0,-8.0,16.0,-1,0,1,1,1,0,146.55999999999997,0,-8.360000000000127
T1681E,1681,86.14,0.2229314534455036,0.2286965073827883,0.2225526045252671,0.220800043516048,0.2205021026081949,0.1331876465293571,0,0.0,-2.8,28.0,-1,0,1,1,0,0,299.2300000000005,0,-8.940000000000055
E1682K,1682,84.64222222222222,0.2269822666626552,0.2678161271257984,0.0641335184155364,0.0596759045395955,0.0615932071993237,0.0550365473327703,0,0.0,-0.3999999999999999,-1.0,2,0,1,0,0,0,37.46000000000003,0,-3.869999999999891
T1685I,1685,89.5375,0.2632882265161883,0.2707983921629427,0.1273651996264976,0.1172418884977826,0.1926384113239738,0.1494496790144316,0,0.0,5.2,12.0,0,0,0,1,0,1,29.990000000000236,0,-4.1599999999998545
H1686Q,1686,92.02,0.1929927046765508,0.2190313764902715,0.2358328010715405,0.1578426961966628,0.1225918594684934,0.1340540933126265,0,3.0,-0.2999999999999998,-9.0,0,-1,0,0,0,0,520.6199999999999,0,-1.2899999999999636
V1688L,1688,90.71375,0.1629769276802419,0.1701630844735726,0.1667403012990983,0.113554081184055,0.1017059240841869,0.1046416406009891,0,2.0,-0.4000000000000003,14.0,0,0,0,1,0,0,231.9000000000001,0,-7.550000000000182
M1689T,1689,90.93,0.3308309569927072,0.3255099477933342,0.3309025088221947,0.220026199552958,0.1763551393819783,0.1570527718809938,0,-1.0,-2.5999999999999996,-30.0,0,0,0,0,1,0,-101.48000000000002,0,-8.210000000000036
K1690D,1690,90.85875,0.2536479067840395,0.3017663893382235,0.098375953242615,0.1076623261757148,0.0861273816519091,0.1019226235609348,0,0.0,0.3999999999999999,-13.0,-2,0,1,0,0,0,-133.88999999999987,0,-6.099999999999909
K1690P,1690,94.61714285714284,0.2518391862427428,0.276649579833528,0.3842606421020978,0.2912863304445129,0.3586243017923582,0.2428266488924513,0,-1.0,2.3,-31.0,-1,0,1,0,0,0,385.8800000000001,0,9.550000000000182
D1692H,1692,82.37599999999999,0.4425875825398764,0.4661251182177289,0.2087788884014557,0.162980823039458,0.1372729895572275,0.1304232716931074,0,1.0,0.2999999999999998,22.0,1,1,1,1,0,0,-157.1300000000001,0,0.2800000000002001
D1692N,1692,91.70875,0.3369033537347758,0.3794658262053849,0.017276255512106,0.0403646181515137,0.0763561116793126,0.0969859354234766,0,2.0,0.0,-1.0,1,0,1,0,0,0,371.2399999999998,0,-6.039999999999964
A1693L,1693,89.225,0.3420805073813398,0.3650219546344986,0.0413070336667193,0.0347116529584013,0.0353563634770945,0.0466511740468206,0,-2.0,2.0,42.0,0,0,0,1,0,0,5.5,0,-0.5700000000001637
A1693S,1693,92.82333333333334,0.4603036590628028,0.4726508340943925,0.1080678520598997,0.0940293988647526,0.0897709377438686,0.0895830143060606,0,1.0,-2.6,16.0,0,0,0,1,1,0,-206.7199999999998,0,-1.6599999999998545
E1694A,1694,94.312,0.3039016507050223,0.3273943034262498,0.0591080707037827,0.078998390999032,0.0607081584986929,0.0886418812133473,0,0.0,5.3,-58.0,1,0,1,0,0,1,356.5699999999997,0,4.269999999999982
F1695D,1695,90.47625,0.3837530387800106,0.3925830098561073,0.1864373142486938,0.1525880075538083,0.128957327347241,0.1155730661536982,0,-6.0,-6.3,-32.0,-1,-1,1,0,1,0,19.720000000000255,0,-7.110000000000127
F1695K,1695,89.54222222222222,0.3581910643931066,0.3659316444689376,0.0247451976916492,0.0573805638563964,0.0845569183714018,0.0890085106652794,0,-5.0,-6.699999999999999,-19.0,1,-1,1,0,1,0,124.92000000000009,0,0.6399999999998727
F1695Q,1695,88.80555555555556,0.2845323686086902,0.3061920361640269,0.1036080258033904,0.0846766537790609,0.0872613314780542,0.1083085325127408,0,-5.0,-6.3,-19.0,0,-1,0,0,1,0,265.34000000000015,0,-3.3600000000001273
F1695Y,1695,92.27,0.2517584328731833,0.3033115220568916,0.0624295250529804,0.0761918373149294,0.084092329687862,0.124704330873412,0,7.0,-4.1,16.0,0,0,0,1,1,0,56.67000000000007,0,-5.279999999999745
V1696C,1696,92.67833333333331,0.229103412347518,0.2896349922868368,0.0760071230334352,0.054227684380645,0.0853521632112218,0.0719642532846781,0,-2.0,-1.7000000000000002,4.0,0,0,0,1,0,0,-42.88999999999987,0,-12.550000000000182
V1696L,1696,88.45,0.282395481794209,0.3114330932149312,0.0899524567858283,0.1083778393984502,0.1759635813649194,0.1505896399454444,0,2.0,-0.4000000000000003,14.0,0,0,0,1,0,0,23.480000000000015,0,-7.2199999999998
C1697A,1697,92.56199999999998,0.3865980682540734,0.411533241652129,0.5115785771312331,0.3103785725817332,0.2414826014392503,0.2009619290690628,0,-2.0,-0.7,-32.0,0,0,0,0,0,0,405.6999999999998,0,-16.170000000000073
C1697L,1697,89.00750000000001,0.2128566188888142,0.2432720630417648,0.5123155137303976,0.3311871416868571,0.2531650596412581,0.1752291543748913,0,-6.0,1.2999999999999998,10.0,0,0,0,1,0,0,114.5,0,-4.380000000000109
C1697N,1697,90.57875,0.3230853315022767,0.35702188134076,0.095844398832055,0.0929286700774803,0.0872253606292454,0.0830774817623052,0,-4.0,-6.0,11.0,0,0,0,1,1,0,-77.34000000000015,0,-16.679999999999836
C1697R,1697,75.54363636363637,0.411709705475544,0.4546198923947414,0.5239686685833492,0.4077934904423939,0.3384038692728172,0.2450433376902162,0,-4.0,-7.0,53.0,1,0,1,1,1,0,-97.7199999999998,0,86.75
E1698L,1698,89.94375,0.295501045154762,0.3075934173405288,0.2252404934637523,0.2156881694086192,0.2426241875205979,0.2078807853286546,0,-3.0,7.3,-16.0,1,0,1,0,0,1,253.78999999999996,0,-17.409999999999854
R1699P,1699,91.64428571428572,0.3384373960172352,0.3634287092362239,0.5490846517107183,0.3731585587023691,0.2394362217872595,0.1771761313502467,0,0.0,2.9,-59.0,-1,0,1,0,0,0,532.0500000000002,0,-11.190000000000056
R1699Q,1699,90.13222222222224,0.3200771736541603,0.3217708945136326,0.1796901255870144,0.1531736668229015,0.1089429988993299,0.0863015070675027,0,1.0,1.0,-28.0,-1,0,1,0,0,0,-168.6199999999999,0,-8.349999999999909
R1699W,1699,86.46499999999999,0.362402258947881,0.3828568896122247,0.586731990470944,0.3909135679697315,0.2554205167732064,0.2169743568419197,0,2.0,3.6,30.0,-1,1,1,1,0,0,244.47000000000023,0,86.32999999999993
T1700M,1700,87.32625,0.3559796018340595,0.3831289609025005,0.284376058148039,0.276148656935837,0.2324088567086118,0.2030353516331332,0,-1.0,2.5999999999999996,30.0,0,0,0,1,0,1,-191.77,0,3.710000000000037
Y1703S,1703,93.88,0.2341036830978126,0.2450879093850054,0.2172780465862789,0.1392060161397389,0.1161486347636387,0.099889432246841,0,-3.0,0.5,-76.0,0,-1,0,0,0,0,-15.519999999999982,0,-2.2799999999997453
F1704L,1704,94.3575,0.3096906859646013,0.3341904556572866,0.2185717303003935,0.1784850480975481,0.1031237720336924,0.0779133572641887,0,2.0,1.0,-34.0,0,-1,0,0,0,0,61.71000000000003,0,4.380000000000109
F1704T,1704,92.3,0.2510502049386168,0.2509760488066899,0.3796115259936637,0.3192810087735916,0.2380084730141928,0.1722588193551334,0,-3.0,-3.5,-46.0,0,-1,0,0,1,0,-65.36999999999989,0,5.9900000000002365
G1706D,1706,87.94125,0.3372976620202821,0.3728123740688919,0.4547164798596251,0.3041582532135567,0.215350147294195,0.1930594181160973,0,1.0,-3.1,58.0,-1,0,1,1,0,0,3.800000000000182,0,82.26999999999998
G1706I,1706,90.55375,0.343562799831133,0.3604411303971891,0.5614989363061619,0.3714433742674108,0.2913534698530324,0.2284048509770093,0,-3.0,4.9,56.0,0,0,0,1,0,1,468.3999999999997,0,55.23000000000002
G1706R,1706,82.18454545454546,0.2948838492350706,0.3442344606309978,0.5836275130771733,0.3916749148557302,0.254981223849514,0.2211081361385014,0,-3.0,-4.1,99.0,1,0,1,1,0,0,394.7600000000002,0,120.48000000000002
A1708E,1708,85.83222222222221,0.5322229636326767,0.5389455874563436,0.8127893049264883,0.705656759566641,0.6232472188538589,0.5804505480003033,0,0.0,-5.3,58.0,-1,0,1,1,1,0,100.15999999999984,0,54.07000000000016
A1708V,1708,90.66571428571427,0.3408176981871952,0.3658089772613073,0.4753791929056886,0.4025159298596434,0.3591068748092525,0.2946641781300775,0,0.0,2.4000000000000004,28.0,0,0,0,1,0,0,-153.1300000000001,0,20.590000000000146
V1713A,1713,95.968,0.3339750478388384,0.3481776813859382,0.1633097297074981,0.1399535336048245,0.0922467247287094,0.082752341580261,0,0.0,-2.4000000000000004,-28.0,0,0,0,0,0,0,230.76000000000025,0,3.3099999999999454
V1714I,1714,91.97875,0.4451505673515434,0.4397964696403649,0.1350545071100694,0.1094521821974139,0.092872744484618,0.092988422364368,0,4.0,0.2999999999999998,14.0,0,0,0,1,0,0,-256.44000000000005,0,-3.369999999999891
S1715R,1715,85.82454545454544,0.4484832590445322,0.4439789260660683,0.044833792560017,0.0711504459047315,0.1984903182207873,0.2607467645083694,1,0.0,-3.7,69.0,1,0,1,1,0,0,-21.190000000000055,0,74.05000000000018
W1718L,1718,93.635,0.3509624736413235,0.3426187442050001,0.1253172860159144,0.1142338201611994,0.1303366594287617,0.1293830204913366,0,-2.0,4.7,-73.0,0,-1,0,0,0,1,425.72000000000025,0,2.800000000000182
W1718S,1718,93.11666666666666,0.3330180252535505,0.3455871593278803,0.0946146040990184,0.1348504056950639,0.1970195765425556,0.2490570022720341,0,-2.0,0.0999999999999999,-99.0,0,-1,0,0,0,0,38.74000000000024,0,9.7800000000002
V1719T,1719,91.17428571428572,0.3622134797681733,0.386498656168994,0.140259466329543,0.14598312937534,0.1783316324909063,0.2069733965598713,0,0.0,-4.9,2.0,0,0,0,1,1,0,22.170000000000073,0,2.8400000000001455
Q1721C,1721,93.975,0.2549682427467525,0.2988223908735686,0.1089784132646482,0.1380786162829111,0.1423571437845777,0.1390067392358481,0,-5.0,6.0,-25.0,0,0,0,0,0,1,-289.50999999999976,0,-1.2199999999998
I1723Q,1723,85.53,0.3291613158249751,0.312229539571631,0.0644166926244548,0.091901012457267,0.0851849821700884,0.0801841249404346,0,-2.0,-8.0,15.0,0,0,0,1,1,0,-315.1700000000001,0,-5.199999999999818
I1723S,1723,91.19333333333331,0.4439423701144082,0.4631577930141048,0.3812998491897506,0.3889041822652961,0.3003647309392897,0.2517214438181457,0,-1.0,-5.3,-26.0,0,0,0,0,1,0,-133.40999999999983,0,-0.3800000000001091
I1723T,1723,90.48,0.3058569024419068,0.303034246082378,0.2169548507607663,0.1984172062139175,0.1482642545639273,0.1227314348770757,0,0.0,-5.2,-12.0,0,0,0,0,1,0,144.86000000000013,0,-2.5099999999997635
R1726F,1726,82.7309090909091,0.2671034798996475,0.3013486978554544,0.2066620627518311,0.2248193523329781,0.215029284846861,0.2025374951936399,0,-4.0,7.3,-9.0,-1,1,1,0,0,1,-92.09999999999992,0,-9.079999999999927
M1728G,1728,90.28,0.1592085788123906,0.2076594174519288,0.4052882429069121,0.3558552732088859,0.2512166726043681,0.1806257256885455,0,-3.0,-2.3,-74.0,0,0,0,0,1,0,-32.48999999999978,0,-0.949999999999818
N1730A,1730,94.694,0.2040012618092636,0.2500805596059626,0.1092908994438572,0.0966773645936688,0.1156719964793624,0.1026637097141071,0,0.0,5.3,-43.0,0,0,0,0,0,1,-112.19000000000004,0,2.0300000000002
D1733G,1733,94.06,0.3281512962241646,0.3702060670263603,0.1452965152582019,0.1194274133232408,0.142764797373326,0.1544533797031364,0,1.0,3.1,-58.0,1,0,1,0,0,0,168.22000000000023,0,1.4800000000000182
D1733P,1733,94.09285714285714,0.2063498046464701,0.2420781935121962,0.4363468465320501,0.2677036219036375,0.2674691188848551,0.1765454066325004,0,-1.0,1.9,-18.0,1,0,1,0,0,0,48.11000000000013,0,11.36999999999989
D1733S,1733,92.70166666666668,0.1932852563380991,0.1972460469760149,0.1050642953485737,0.0833510271762027,0.1008814414549071,0.099783371677779,0,0.0,2.7,-28.0,1,0,1,0,0,0,-173.48999999999978,0,0.25
F1734I,1734,88.99375,0.2972734278374273,0.3521188565186091,0.3263933323327437,0.3209022466501945,0.2373931973500442,0.1683041977660787,0,1.0,1.7000000000000002,-34.0,0,-1,0,0,0,0,-136.3800000000001,0,17.519999999999982
F1734R,1734,85.69181818181818,0.107093697175711,0.1260269219363723,0.1217987766717818,0.1626749238830888,0.1205349998434758,0.1009603167063495,0,-4.0,-7.3,9.0,1,-1,1,1,1,0,-143.3499999999999,0,2.2600000000002183
F1734V,1734,92.18285714285716,0.492756145648637,0.5051553751482909,0.1042472221474289,0.1028885457027105,0.1740997554099411,0.2210323627180139,0,-1.0,1.4000000000000004,-48.0,0,-1,0,0,0,0,-230.57999999999993,0,8.559999999999945
V1736A,1736,94.644,0.1543860733851899,0.18596760887118,0.0543976339267075,0.1107526309659007,0.1141339520869086,0.107078236785358,0,0.0,-2.4000000000000004,-28.0,0,0,0,0,0,0,30.51000000000022,0,-4.880000000000109
V1736I,1736,92.39125,0.148317428495618,0.1876400520580298,0.231632783314078,0.1566056712803822,0.1162977342642492,0.09686803112878,0,4.0,0.2999999999999998,14.0,0,0,0,1,0,0,-162.25999999999976,0,-9.210000000000036
G1738E,1738,77.89111111111112,0.4162621013087884,0.4368639583352102,0.7825405451702636,1.042196256496069,0.6998678233856629,0.4409804055851622,0,0.0,-3.1,72.0,-1,0,1,1,0,0,-359.3000000000002,0,424.6199999999999
G1738Y,1738,70.00833333333334,0.3344259438290221,0.3794626199141337,1.0575162339467314,1.0662383919116554,0.7256274873766213,0.4823340681914669,0,-5.0,-0.9,106.0,0,1,0,1,0,0,-483.59000000000015,0,174.25
D1739P,1739,79.47571428571429,0.2690126207625237,0.3203766509082206,0.6559663804749926,0.4508462407824959,0.3370305820715433,0.2315849131276561,0,-1.0,1.9,-18.0,1,0,1,0,0,0,-29.730000000000015,0,13.099999999999907
V1741F,1741,83.25090909090908,0.3875458931355008,0.4176384958380844,0.1369880750711515,0.1315683638985253,0.1088410525754952,0.0859262169188319,0,-1.0,-1.4000000000000004,48.0,0,1,0,1,0,0,36.720000000000255,0,-6.820000000000164
G1743A,1743,91.852,0.4143201171735434,0.412615854623666,0.4480348379432735,0.2851432978633373,0.2187356793769972,0.2002849526072098,1,1.0,2.2,14.0,0,0,0,1,0,1,630.0299999999997,0,0.6599999999998545
G1743P,1743,89.07571428571428,0.385828338602426,0.4065784045366682,1.180232319324335,0.8097836848652523,0.4837407695345571,0.3177632508919447,1,0.0,-1.2000000000000002,40.0,0,0,0,1,0,0,157.26000000000022,0,24.059999999999945
H1746P,1746,91.64285714285714,0.2225764775019926,0.2310217617643002,0.320831892783353,0.2657830353156669,0.2086734821134441,0.1552142713449197,0,0.0,1.6,-40.0,0,-1,0,0,0,0,-48.86999999999989,0,-11.7199999999998
H1746Q,1746,88.9688888888889,0.4621036483301561,0.4498493264604862,0.0881357745756625,0.1080877961576021,0.1306851725225613,0.0916332583324871,0,3.0,-0.2999999999999998,-9.0,0,-1,0,0,0,0,-159.26999999999998,0,-18.920000000000073
P1749L,1749,90.14625,0.2490632573728537,0.2712260833683116,0.8364000925798437,0.8228225155209404,0.4332013947669557,0.3046683285734861,0,-3.0,5.4,16.0,0,0,0,1,0,1,-143.34000000000017,0,5.869999999999891
R1753A,1753,93.332,0.2513056746991705,0.2851632278171087,0.0920171141025041,0.0986799644687819,0.1135653881369525,0.1060659202423601,0,-2.0,6.3,-85.0,-1,0,1,0,0,1,18.829999999999927,0,-20.11999999999989
S1755R,1755,78.35818181818182,0.3599315860266831,0.354007829681533,0.0513850696007746,0.049995430275093,0.0576246566422139,0.0467399361226681,0,0.0,-3.7,69.0,1,0,1,1,0,0,407.0500000000002,0,-26.529999999999745
Q1756A,1756,88.864,0.33163874100406,0.3507669532085465,0.4730479461559088,0.3025009314517857,0.2137248915899078,0.1426241414927053,1,0.0,5.3,-57.0,0,0,0,0,0,1,-304.00999999999976,0,-18.009999999999764
K1759T,1759,90.61428571428571,0.2205936627438685,0.2258597199208374,0.0518018019259861,0.095980319413978,0.1554247005524667,0.1347806234127282,1,0.0,3.2,-27.0,-1,0,1,0,0,0,387.2399999999998,0,-2.5900000000001455
I1760F,1760,88.68545454545455,0.2870155676886293,0.2999137839219561,0.9918893549681848,0.6315638363305994,0.3800258811179489,0.2504732757336018,1,1.0,-1.7000000000000002,34.0,0,1,0,1,0,0,-333.9699999999998,0,58.059999999999945
I1760S,1760,89.42166666666667,0.2471409276929533,0.3009364338567373,0.337174427057729,0.2414153309297932,0.1952784742721516,0.1397900048317503,1,-1.0,-5.3,-26.0,0,0,0,0,1,0,18.139999999999873,0,5.400000000000091
I1760V,1760,90.34,0.2298372515299526,0.2704273476409742,0.2845880099123594,0.1881340915569683,0.1346183784297424,0.1079156082803069,1,4.0,-0.2999999999999998,-14.0,0,0,0,0,0,0,-65.09999999999991,0,1.1799999999998363
F1761S,1761,89.21499999999999,0.27261856438563,0.3038983320009049,0.0890801393182475,0.0894959254461595,0.0932354242178973,0.0989731181461487,0,-3.0,-3.5999999999999996,-60.0,0,-1,0,0,1,0,-329.3699999999999,0,11.539999999999964
G1763V,1763,86.52714285714283,0.3361704080833574,0.3570166143989663,0.2345012606934741,0.2252414806670661,0.2066514158799909,0.1800406619133365,0,-1.0,4.6000000000000005,42.0,0,0,0,1,0,1,-201.67000000000007,0,8.789999999999964
L1764P,1764,89.83285714285715,0.3020913091381479,0.330173491426571,0.6134096659132277,0.3928629375176774,0.3173386597943581,0.3460875671315918,1,-3.0,-5.4,-16.0,0,0,0,0,1,0,-29.820000000000164,0,25.63000000000011
L1764W,1764,90.60357142857144,0.2662919784261141,0.3207364762103053,0.1829136399600022,0.2991110734293988,0.2607658615160033,0.2988056350050966,0,-2.0,-4.7,73.0,0,1,0,1,1,0,-220.27999999999977,0,13.5300000000002
E1765L,1765,88.63874999999999,0.2714548190192044,0.3116686507176113,0.0314743286791926,0.1262147884490307,0.1513701688936188,0.2714879450428934,0,-3.0,7.3,-16.0,1,0,1,0,0,1,-88.07999999999993,0,0.099999999999909
I1766V,1766,93.40571428571428,0.2916203043039518,0.3090406294118313,0.1071920711854826,0.0749151195936217,0.0764196961034065,0.1032176291683815,1,4.0,-0.2999999999999998,-14.0,0,0,0,0,0,0,11.61999999999989,0,-4.039999999999964
C1767Y,1767,89.18083333333334,0.2963952682691421,0.326049484705383,0.1058604925787846,0.100977072181512,0.2030235558887006,0.2113971440717136,1,0.0,-3.8,60.0,0,1,0,1,1,0,-6.130000000000109,0,10.929999999999836
C1768R,1768,77.38909090909091,0.3967944212323622,0.3914642772682065,0.76080667163247,0.5551341670285095,0.7753872392644423,0.5067861661028649,1,-4.0,-7.0,53.0,1,0,1,1,1,0,-222.27999999999977,0,39.159999999999854
Y1769C,1769,88.67833333333334,0.2562477550369377,0.2995084855313367,0.144468113446822,0.1456423727360235,0.1427771367669986,0.1625923585645353,1,0.0,3.8,-60.0,0,-1,0,0,0,1,306.3900000000003,0,-0.0599999999999454
Y1769L,1769,88.28625,0.195992788833365,0.2358085624548896,0.226675847879977,0.2209723799724506,0.1670290119773004,0.1501686397237394,1,-1.0,5.1,-50.0,0,-1,0,0,0,1,132.28999999999996,0,-3.6599999999998545
Y1769N,1769,88.39875,0.208216899288161,0.2262898752703248,0.1260134677325763,0.1283250139324305,0.1321291447738216,0.1761744316381666,1,-2.0,-2.2,-49.0,0,-1,0,0,0,0,-180.78999999999996,0,-2.2399999999997817
G1770V,1770,84.97714285714285,0.2462064489981,0.2694014347048413,0.7691322915690486,0.4633467304189355,0.3028808277332055,0.2182934120537288,1,-1.0,4.6000000000000005,42.0,0,0,0,1,0,1,-86.69999999999982,0,15.470000000000256
F1772R,1772,74.29272727272728,0.368790556218937,0.4027418819221069,0.4419804563665253,0.3303557773569904,0.6319472942827187,0.4720477738042398,1,-4.0,-7.3,9.0,1,-1,1,1,1,0,21.51000000000022,0,22.090000000000146
T1773S,1773,84.96,0.3007467021114376,0.2923166941039113,0.1746961190864631,0.1613558993060912,0.1358291772025682,0.2728739244128083,0,1.0,-0.1,-14.0,0,0,0,0,0,0,-301.4699999999998,0,-12.509999999999764
N1774L,1774,85.6575,0.2461981547545588,0.2578729093512871,0.1314356859776107,0.1291878445083933,0.127686786914625,0.1093287341030322,1,-3.0,7.3,-1.0,0,0,0,0,0,1,-14.820000000000164,0,-5.0
M1775I,1775,90.675,0.501776086910628,0.4927489472727989,0.4541633172738392,0.3399528758536834,0.2219925058405563,0.1541529492289296,1,2.0,2.6,-18.0,0,0,0,0,0,0,-8.389999999999873,0,7.4900000000002365
M1775K,1775,65.95666666666666,0.3930001626736621,0.406094797184334,0.5332055326108045,0.7465416714226294,0.5469412898534951,0.3894420061816235,0,0.0,-5.8,-3.0,1,0,1,0,1,0,47.98000000000002,0,10.179999999999836
M1775R,1775,61.60818181818181,0.3633754988193314,0.3802994654834619,0.2485286802613356,0.2338876647110934,0.1778544982902167,0.1357826703029327,1,0.0,-6.4,25.0,1,0,1,1,1,0,381.7600000000002,0,22.490000000000236
M1775V,1775,87.40142857142858,0.1808328955046607,0.2075745091947527,0.6222342797340115,0.5015363977765296,0.3190461933051036,0.2108594622356074,1,2.0,2.3000000000000003,-32.0,0,0,0,0,0,0,-413.27,0,16.980000000000018
P1776M,1776,85.26249999999999,0.3684036332389388,0.3543837113423348,0.392371596573409,0.3115021478219493,0.246985339870982,0.1861890301440201,0,-2.0,3.5,34.0,0,0,0,1,0,1,136.1199999999999,0,3.2400000000002365
T1777P,1777,91.25285714285714,0.4038656553012859,0.4199730160391892,0.2258704592133511,0.2073696244537211,0.186972836415119,0.1934558804816976,0,0.0,-0.9000000000000001,-4.0,0,0,0,0,0,0,-176.19999999999982,0,-5.119999999999891
T1777S,1777,90.46333333333337,0.2557299323648917,0.2977250439860806,0.1580709824885638,0.1420799216829577,0.1450629706014707,0.1399976191105379,0,1.0,-0.1,-14.0,0,0,0,0,0,0,40.21000000000003,0,-3.1900000000000546
D1778E,1778,86.40444444444444,0.1765470116328282,0.1802136195571997,0.1374835311773846,0.1252678942030452,0.1178664782518268,0.104587080952595,0,3.0,0.0,14.0,0,0,0,1,0,0,-59.50999999999976,0,-4.1599999999998545
D1778G,1778,94.5875,0.1909412020654805,0.2217697174470133,0.1189313809293255,0.1102416454453827,0.1080411625588516,0.1286496797081135,0,1.0,3.1,-58.0,1,0,1,0,0,0,-162.44000000000003,0,-1.2300000000000182
E1781K,1781,91.52111111111113,0.2094376222439671,0.2127207136538194,0.1045526220814717,0.0810537336909045,0.0785830066231217,0.1090946094872104,0,0.0,-0.3999999999999999,-1.0,2,0,1,0,0,0,108.67000000000009,0,-0.2899999999999636
M1783L,1783,93.52625,0.2339048772847355,0.2869604222975701,0.1595707857965185,0.1413831047614042,0.1341604425484978,0.1126614825350435,0,4.0,1.9,-18.0,0,0,0,0,0,0,-267.9000000000001,0,1.300000000000182
M1783Q,1783,92.34333333333332,0.2582750304252946,0.2907111212239292,0.0892391320254517,0.1031059713645221,0.090339747009578,0.0991062490108764,0,1.0,-5.4,-3.0,0,0,0,0,1,0,118.46000000000004,0,0.4200000000000727
M1783T,1783,94.06142857142856,0.1781193487217841,0.1844935203245938,0.229570062409492,0.2086528336395875,0.1579471024700597,0.1437963342721841,0,-1.0,-2.5999999999999996,-30.0,0,0,0,0,1,0,220.61000000000013,0,5.349999999999909
V1784A,1784,95.93,0.1745049383346419,0.1740377908171609,0.1501437338195728,0.1103973185330734,0.138348755260596,0.1258448558573454,0,0.0,-2.4000000000000004,-28.0,0,0,0,0,0,0,0.349999999999909,0,2.8200000000001637
Q1785M,1785,90.8725,0.1462215326707834,0.1817031177668751,0.0427974055534608,0.0505454126311144,0.056864481466232,0.0657417133095263,0,1.0,5.4,3.0,0,0,0,1,0,1,430.0699999999997,0,0.099999999999909
L1786P,1786,91.70714285714288,0.302220921575118,0.319710074821874,0.717660543860293,0.4383060483347098,0.338725099567527,0.2309234796886658,0,-3.0,-5.4,-16.0,0,0,0,0,1,0,-167.6500000000001,0,19.800000000000185
C1787I,1787,93.33375,0.3752870138076363,0.3931946881117089,0.2921660585059891,0.2154959944901845,0.1848677947666004,0.1439572714219568,0,-2.0,2.0,10.0,0,0,0,1,0,0,-117.44999999999982,0,22.579999999999927
G1788S,1788,92.66666666666669,0.3407852509720767,0.3364210579885888,0.4116867549476845,0.2372051450693418,0.1722698596726698,0.1396317747411616,0,1.0,-0.4,30.0,0,0,0,1,0,0,-129.61000000000013,0,34.220000000000255
G1788V,1788,90.31285714285715,0.4188316266977845,0.4210206454395418,0.5983573601901211,0.3582090067418344,0.2343491432348145,0.1899036024255439,0,-1.0,4.6000000000000005,42.0,0,0,0,1,0,1,72.5,0,43.32999999999993
A1789S,1789,93.48333333333332,0.3639917378320392,0.3622446759876826,0.1646422902381022,0.119556093573303,0.1121436550110626,0.1018592486210071,0,1.0,-2.6,16.0,0,0,0,1,1,0,-181.2199999999998,0,3.0100000000002183
A1789T,1789,89.01714285714286,0.2673285724207893,0.2679404140315305,0.2738976762257626,0.1711123225043444,0.1335245075823461,0.113041594867279,0,1.0,-2.5,30.0,0,0,0,1,1,0,250.09000000000017,0,8.0
V1792L,1792,88.86875,0.2766399700527341,0.2999237604963616,0.2542316230843381,0.1774979811141153,0.2029539991484041,0.1923915453195421,0,2.0,-0.4000000000000003,14.0,0,0,0,1,0,0,-178.00999999999976,0,15.679999999999836
K1793Q,1793,87.05555555555557,0.2801612316303536,0.2914972987540099,0.2359794988997983,0.2170092829720279,0.1912626727714358,0.1703656147563544,0,1.0,0.3999999999999999,0.0,-1,0,1,0,0,0,-391.7199999999998,0,-4.130000000000109
E1794G,1794,91.0025,0.2988012667908318,0.3303564568702481,0.3710072630439322,0.2635939451058617,0.2253270443451144,0.181901057368525,0,0.0,3.1,-72.0,1,0,1,0,0,0,-183.52999999999977,0,-3.230000000000018
S1797C,1797,87.92833333333334,0.3786921756720617,0.3910924753606437,0.2018764956290699,0.1883719558257335,0.1840180774707467,0.156936875420321,0,0.0,3.3,16.0,0,0,0,1,0,1,-70.09000000000015,0,-4.1599999999998545
S1797R,1797,79.04454545454546,0.4494301646828428,0.4512295415054438,0.265681982581599,0.1958823174733102,0.1984076151510529,0.2093805914231242,0,0.0,-3.7,69.0,1,0,1,1,0,0,52.159999999999854,0,-9.61999999999989
F1798I,1798,82.955,0.5210435103364707,0.5123598401057371,0.7657458195243272,0.7492382629203905,0.8845091402917525,1.060940360234012,0,1.0,1.7000000000000002,-34.0,0,-1,0,0,0,0,107.57999999999991,0,4.059999999999945
L1800R,1800,69.94,0.2190072975415599,0.2564128972875513,0.1354511951120706,0.2349363236131253,0.479341197194841,0.3434939493809716,1,-3.0,-8.3,43.0,1,0,1,1,1,0,-531.6300000000001,0,-2.6100000000001273
T1802K,1802,67.95666666666665,0.2950246936732796,0.3168511639708881,0.7013655681172453,0.5743927614290834,0.410376496453408,0.3097713241805555,1,0.0,-3.2,27.0,1,0,1,1,0,0,143.01999999999998,0,-4.980000000000018
T1802N,1802,71.48750000000001,0.3546404533485102,0.3816957563634592,0.529448131125046,0.8621817120396084,0.6772867098812441,0.5078578123437335,1,0.0,-2.8,13.0,0,0,0,1,0,0,39.88000000000011,0,-6.869999999999891
T1802R,1802,63.21636363636364,0.2498671477978044,0.2900214493261192,0.449013589680644,0.4077445603998353,0.3635526271303366,0.2955264214250865,1,-1.0,-3.8,55.0,1,0,1,1,0,0,-229.67000000000007,0,-4.769999999999982
H1805Y,1805,79.05166666666666,0.2136360557923297,0.2359594648753916,0.1534287246415461,0.2375021633879992,0.3077451908235155,0.2368243563001785,1,0.0,1.9,26.0,0,0,0,1,0,0,305.0699999999997,0,-1.75
P1806K,1806,89.42555555555556,0.2758247191137061,0.3000851925881128,0.3626449993325198,0.2392336908909743,0.3084163316355624,0.4851168130851838,0,-1.0,-2.3,31.0,1,0,1,1,0,0,83.57000000000016,0,4.260000000000218
I1807T,1807,91.29142857142855,0.1604179405350463,0.2183804512890124,0.039565273725204,0.0970803861915604,0.0876451690175248,0.1155741103125513,1,0.0,-5.2,-12.0,0,0,0,0,1,0,-226.07999999999993,0,0.5599999999999454
V1810A,1810,93.09,0.2459655845847783,0.2570113753990652,0.146843489537035,0.145200718855442,0.1874976763301591,0.2424656602896364,1,0.0,-2.4000000000000004,-28.0,0,0,0,0,0,0,319.72000000000025,0,0.9900000000002364
V1810M,1810,87.435,0.2603149631637835,0.2781106626764928,0.2022938183130506,0.1479814120803099,0.193091272877253,0.2020466524763564,1,2.0,-2.3000000000000003,32.0,0,0,0,1,0,0,273.59000000000015,0,8.440000000000055
Q1811A,1811,90.782,0.2193325892810816,0.2598606858983301,0.2034868528330478,0.1829710751060084,0.2074766522477076,0.3365362229894199,1,0.0,5.3,-57.0,0,0,0,0,0,1,44.809999999999945,0,-5.099999999999909
P1812L,1812,83.81625,0.24423770373365,0.2745321894007656,0.7092348634835665,0.5418908767693835,0.3786337242644223,0.2970562740591682,0,-3.0,5.4,16.0,0,0,0,1,0,1,292.5600000000004,0,18.480000000000015
D1813I,1813,80.76375,0.3251347224366318,0.3714351768989948,0.2019066967630189,0.173097613213057,0.1976646485785767,0.4520205778590896,1,-2.0,8.0,-2.0,1,0,1,0,0,1,-142.09000000000017,0,-8.150000000000091
D1813S,1813,86.25166666666667,0.4619982170829458,0.4601813723649196,0.568025178135381,0.4068926054201371,0.7905522367884871,1.26566384045385,1,0.0,2.7,-28.0,1,0,1,0,0,0,7.559999999999945,0,-10.5
A1814T,1814,81.52999999999999,0.2001095552518044,0.2001107061420544,0.6880115804926249,0.5990309376699102,0.4515919847800319,0.396803100446236,0,1.0,-2.5,30.0,0,0,0,1,1,0,127.44000000000004,0,7.5300000000002
A1814W,1814,66.95785714285715,0.2362217235051517,0.2633645460107395,1.0023803836227974,0.7010290136435066,0.4808127093453808,0.6351697263431937,0,-6.0,-2.7,115.0,0,1,0,1,1,0,63.840000000000146,0,173.32999999999993
T1816S,1816,75.27333333333335,0.1691697034045629,0.1743107013647206,0.2311491724206615,0.2943446961787855,0.3079867484743118,0.2302858126613168,0,1.0,-0.1,-14.0,0,0,0,0,0,0,-74.94000000000005,0,-11.329999999999927
N1819S,1819,66.97333333333333,0.2915320771606701,0.3055904335233108,0.47915713505906,0.6137167439278698,0.5193431759285191,0.4048265555690217,0,1.0,2.7,-27.0,0,0,0,0,0,0,238.67999999999984,0,-2.3600000000001273
F1821P,1821,85.73285714285713,0.2790070265502343,0.2766011509174132,0.8174162863496698,0.6940865877133229,0.4493927299433115,0.3218844404196444,0,-5.0,-4.4,-50.0,0,-1,0,0,1,0,354.14999999999964,0,-7.630000000000109
A1823P,1823,81.87428571428572,0.4098023123817921,0.4129614310752126,0.1111228264015269,0.2511080323281707,0.811708264454056,0.9275797899532008,0,1.0,-3.4000000000000004,26.0,0,0,0,1,1,0,157.40999999999983,0,23.970000000000255
I1824W,1824,60.61357142857143,0.3021009795387093,0.327638847251502,0.7087850079967215,0.5457978797500816,0.4164184897325552,0.4191244541868276,0,-5.0,-5.4,73.0,0,1,0,1,1,0,-237.27,0,48.46000000000003
G1825A,1825,87.44399999999999,0.3659659542339966,0.3685931471224544,0.4826868491920663,0.4087807254245511,0.2990635027069977,0.3766570219058202,0,1.0,2.2,14.0,0,0,0,1,0,1,-172.44999999999982,0,1.2300000000000182
M1827L,1827,85.88125,0.2068102871281366,0.2196113036148215,0.3629626917520931,0.3248461605217313,0.2731730411915057,0.253275999176659,0,4.0,1.9,-18.0,0,0,0,0,0,0,-79.63999999999987,0,-2.8299999999999272
E1829K,1829,77.02111111111111,0.2388472569979907,0.2461098194141052,0.2295983436288896,0.2025762637834059,0.2058835160525537,0.2336823972376317,1,0.0,-0.3999999999999999,-1.0,2,0,1,0,0,0,45.36999999999989,0,-0.7300000000000182
E1829T,1829,84.70714285714287,0.215417290239181,0.2767599974795119,0.3632082956422821,0.2597898099392027,0.1951327116900397,0.183966634605142,0,0.0,2.8,-28.0,1,0,1,0,0,0,678.0500000000002,0,0.1900000000000545
P1831R,1831,81.91818181818182,0.31295691633625,0.340534558800569,0.3557079138171188,0.3289824238723868,0.2304029702830375,0.1863883235265525,0,0.0,-2.9,59.0,1,0,1,1,0,0,-103.63999999999989,0,1.7300000000000182
P1831S,1831,92.01833333333332,0.1784937384869609,0.2052717318463482,0.4601389869546445,0.3142324315116141,0.2259019243428815,0.1512069907733258,1,1.0,0.8,-10.0,0,0,0,0,0,0,83.86000000000013,0,2.0799999999999272
V1832K,1832,82.4211111111111,0.5991888820445331,0.6170203800815872,0.2222224264932488,0.1699822063384389,0.7857613703044003,0.871718092630191,0,-2.0,-8.1,29.0,1,0,1,1,1,0,-270.48,0,38.44999999999982
V1832M,1832,87.21875,0.2432225176595514,0.2762074269390311,0.2412063088672314,0.1489494359319965,0.2614224618790033,0.2751828069838278,0,2.0,-2.3000000000000003,32.0,0,0,0,1,0,0,252.55000000000015,0,19.820000000000164
V1832P,1832,93.09428571428572,0.2690356834461733,0.3029846517927589,0.4409626629963079,0.3338104073675371,0.298987901562941,0.2784633611524804,0,1.0,-5.800000000000001,-2.0,0,0,0,0,1,0,245.72000000000023,0,7.230000000000018
V1832Q,1832,84.05888888888889,0.3550875785556009,0.3750936238633545,0.1677842668349141,0.1499376235156032,0.1783287638354727,0.181518045249876,0,-2.0,-7.7,29.0,0,0,0,1,1,0,-258.4499999999998,0,16.09999999999991
T1834E,1834,88.25777777777778,0.2222631541651465,0.2494944436363065,0.104562873248453,0.0911569435750974,0.0730321251210371,0.0922962564885814,0,0.0,-2.8,28.0,-1,0,1,1,0,0,-470.19000000000005,0,-4.300000000000182
R1835Q,1835,89.99666666666666,0.3100099210639476,0.3261991280447154,0.1085007009506,0.090001788987845,0.0731564348761613,0.0829978553264955,0,1.0,1.0,-28.0,-1,0,1,0,0,0,-385.0799999999999,0,6.119999999999891
W1837R,1837,90.29363636363637,0.2892054942257253,0.3199183373825366,0.1246510456929149,0.0948630488501083,0.1587573105147163,0.1265194715301276,0,2.0,-3.6,-30.0,1,-1,1,0,0,0,-128.6500000000001,0,27.019999999999985
V1838E,1838,90.96777777777778,0.3133346285872528,0.3332020499365714,0.0894861174472316,0.098258071586458,0.1268577190457992,0.1736923439401365,0,-2.0,-7.7,30.0,-1,0,1,1,1,0,-255.75,0,4.050000000000182
L1839S,1839,94.45666666666666,0.2904837811283322,0.3099666055503636,0.1206546008199841,0.1111276369577691,0.0942570972803332,0.1274723428828277,0,-3.0,-4.6,-26.0,0,0,0,0,1,0,182.5300000000002,0,3.5300000000002
S1841M,1841,89.655,0.3750368414036248,0.4090543366935222,0.2008285514737006,0.833864441868528,0.5564218380452594,0.3676354994802925,0,-2.0,2.7,44.0,0,0,0,1,0,1,-143.92999999999984,0,15.519999999999982
S1841R,1841,87.12090909090908,0.3675874207604108,0.3903797024876317,0.1497026387994001,0.9386177807564496,0.5953502430283565,0.3847256772402199,0,0.0,-3.7,69.0,1,0,1,1,0,0,-294.77999999999975,0,56.86999999999989
S1841T,1841,93.86571428571428,0.2216221713167056,0.2629527391777307,0.0427265511266357,0.1869508224364542,0.1449863661351345,0.1057705935403518,0,1.0,0.1,14.0,0,0,0,1,0,0,63.82999999999993,0,5.349999999999909
Y1845K,1845,88.5111111111111,0.3262459014662933,0.3578904212522109,0.3551093967477208,0.2613932197451094,0.2479228462429658,0.2626669597202521,0,-4.0,-2.5999999999999996,-35.0,1,-1,1,0,0,0,-168.42000000000007,0,46.409999999999854
Y1845R,1845,88.3709090909091,0.3583990563195793,0.3858710120952688,0.1956737163605841,0.1135241942114006,0.1116235411972894,0.1200057123890462,0,-4.0,-3.2,-7.0,1,-1,1,0,0,0,-146.34000000000017,0,2.869999999999891
E1849R,1849,80.08727272727273,0.2721765548901455,0.2798975832656211,0.1334578218249928,0.1013269262173926,0.0822353386675355,0.0746818833045112,0,-1.0,-1.0,27.0,2,0,1,1,0,0,222.26000000000025,0,-3.9899999999997817
D1851L,1851,85.69875,0.4320868629866343,0.4362098927791035,0.133652660030033,0.1301980923030493,0.1260654129703706,0.1366016180165151,0,-4.0,7.3,-2.0,1,0,1,0,0,1,270.8100000000004,0,-2.230000000000018
Y1853E,1853,86.15000000000002,0.2686449810141392,0.3112674932857002,0.4451895788774214,0.3756397960998246,0.2624542734858444,0.2061236121803486,0,-4.0,-2.2,-34.0,-1,-1,1,0,0,0,-173.11000000000013,0,-9.449999999999818
L1854P,1854,87.27857142857144,0.3578326374594507,0.3585911525681848,0.4422127855777682,0.3479394582973814,0.3189148275167054,0.2425743172057494,0,-3.0,-5.4,-16.0,0,0,0,0,1,0,226.30000000000015,0,24.230000000000015
L1854T,1854,89.25,0.4172557934355085,0.4167840004257503,0.165643090056982,0.1165342398792987,0.1437340514622402,0.1410251939995045,0,-2.0,-4.5,-12.0,0,0,0,0,1,0,32.659999999999854,0,1.349999999999909
L1854V,1854,89.5142857142857,0.2924090619894328,0.3231862448728698,0.1710914327637996,0.1445847429051,0.1502918503522356,0.1429674421921792,0,2.0,0.4000000000000003,-14.0,0,0,0,0,0,0,15.139999999999873,0,0.7600000000002183
I1855G,1855,81.705,0.4712679959154406,0.4724706765867045,0.7497210390925818,1.0244748150326293,0.6787375639544394,0.472886706444443,0,-3.0,-4.9,-56.0,0,0,0,0,1,0,9.050000000000182,0,8.510000000000218
P1856S,1856,86.63,0.2682527883166806,0.3040772913101897,0.1554694725553464,0.1605244470309213,0.1735685696694738,0.3920105077413589,0,1.0,0.8,-10.0,0,0,0,0,0,0,-122.09000000000016,0,2.449999999999818
Q1857E,1857,86.50111111111111,0.3399698422191653,0.3765632793499907,0.219836253183636,0.2480228568090318,0.2376715258267315,0.4697306932598113,0,2.0,0.0,1.0,-1,0,1,1,0,0,142.22000000000023,0,13.710000000000036
Q1857M,1857,84.41375000000001,0.3485873953638435,0.3920127584650517,0.3464026912546538,0.4297388255403486,0.4410491012029264,0.5472664920312341,0,1.0,5.4,3.0,0,0,0,1,0,1,757.2700000000004,0,7.610000000000127
I1858L,1858,85.0775,0.1595896318072424,0.2146239043551285,0.1656189776485941,0.2635271070818992,0.2225208391493127,0.3417513524731235,0,2.0,-0.7000000000000002,0.0,0,0,0,0,0,0,-57.92000000000007,0,-4.380000000000109
I1858T,1858,84.95857142857143,0.263073182333045,0.2946338363089916,0.3823851717536302,0.3802254161436045,0.3346539473729705,0.5341759239230105,0,0.0,-5.2,-12.0,0,0,0,0,1,0,3.0100000000002183,0,-4.480000000000018
P1859R,1859,60.30727272727274,0.3913304073020413,0.4083821599701281,0.4393356302103378,0.9556958242557904,1.0401006177018612,1.2870815413354757,0,0.0,-2.9,59.0,1,0,1,1,0,0,-76.03999999999996,0,-2.4600000000000364
H1862L,1862,63.105,0.2221023934189355,0.2453738363181186,1.0826772305498464,1.1265348678097171,0.9987765861284588,0.7631399233241994,0,-2.0,7.0,-24.0,0,-1,0,0,0,1,-282.98,0,-3.199999999999818
