dataset,accession,hgvs_nt,score
00001237-a-1_localization,urn:mavedb:00001237-a-1#5,BRCA1:n.346G>A,0.8026093087731537
00001237-a-1_localization,urn:mavedb:00001237-a-1#9,BRCA1:n.1784G>A,0.6486053096547846
00001237-a-1_localization,urn:mavedb:00001237-a-1#24,BRCA1:n.427G>A,0.5972230603674574
00001237-a-1_localization,urn:mavedb:00001237-a-1#38,BRCA1:n.1223G>T,0.6467947531537094
00001237-a-1_localization,urn:mavedb:00001237-a-1#41,BRCA1:n.557C>A,0.6833058367577733
00001237-a-1_localization,urn:mavedb:00001237-a-1#47,BRCA1:n.1891G>A,0.569737481258972
00001237-a-1_localization,urn:mavedb:00001237-a-1#51,BRCA1:n.212G>A,0.5864341424742179
00001237-a-1_localization,urn:mavedb:00001237-a-1#60,BRCA1:n.1760C>G,0.6760057545200071
00001237-a-1_localization,urn:mavedb:00001237-a-1#77,BRCA1:n.211A>G,0.708907911551817
00001237-a-1_localization,urn:mavedb:00001237-a-1#85,BRCA1:n.1742C>T,0.6115514876561086
00001237-a-1_localization,urn:mavedb:00001237-a-1#88,BRCA1:n.1172G>T,0.7703364093420497
00001237-a-1_localization,urn:mavedb:00001237-a-1#92,BRCA1:n.1528C>T,0.6508563805644602
00001237-a-1_localization,urn:mavedb:00001237-a-1#118,BRCA1:n.305C>G,0.8249250202346445
00001237-a-1_localization,urn:mavedb:00001237-a-1#119,BRCA1:n.1833C>G,0.6173145158261776
00001237-a-1_localization,urn:mavedb:00001237-a-1#132,BRCA1:n.1773T>A,0.5820393142730772
00001237-a-1_localization,urn:mavedb:00001237-a-1#159,BRCA1:n.1504A>G,0.6174245371512247
00001237-a-1_localization,urn:mavedb:00001237-a-1#210,BRCA1:n.191G>C,0.5594324012079094
00001237-a-1_localization,urn:mavedb:00001237-a-1#220,BRCA1:n.1673T>C,0.6303698288716713
00001237-a-1_localization,urn:mavedb:00001237-a-1#227,BRCA1:n.1997G>T,0.6113349417269325
00001237-a-1_localization,urn:mavedb:00001237-a-1#238,BRCA1:n.1741A>G,0.633021850103899
00001237-a-1_localization,urn:mavedb:00001237-a-1#256,BRCA1:n.122A>G,0.6045559234712725
00001237-a-1_localization,urn:mavedb:00001237-a-1#257,BRCA1:n.3G>T,0.8098375349435755
00001237-a-1_localization,urn:mavedb:00001237-a-1#260,BRCA1:n.823G>A,0.572840509124802
00001237-a-1_localization,urn:mavedb:00001237-a-1#274,BRCA1:n.191G>A,0.6164516405819717
00001237-a-1_localization,urn:mavedb:00001237-a-1#278,BRCA1:n.396C>A,0.6041350681233721
00001237-a-1_localization,urn:mavedb:00001237-a-1#287,BRCA1:n.1895T>C,0.5898845920030786
00001237-a-1_localization,urn:mavedb:00001237-a-1#293,BRCA1:n.1805G>C,0.5756904330350967
00001237-a-1_localization,urn:mavedb:00001237-a-1#299,BRCA1:n.895C>T,0.7178078378502737
00001237-a-1_localization,urn:mavedb:00001237-a-1#310,BRCA1:n.2012T>A,0.5732199799081426
00001237-a-1_localization,urn:mavedb:00001237-a-1#312,BRCA1:n.181T>G,0.679380280635778
00001237-a-1_localization,urn:mavedb:00001237-a-1#315,BRCA1:n.1363G>A,0.967143448986206
00001237-a-1_localization,urn:mavedb:00001237-a-1#320,BRCA1:n.1831A>C,0.6173145158261776
00001237-a-1_localization,urn:mavedb:00001237-a-1#352,BRCA1:n.716A>G,0.6130007654359995
00001237-a-1_localization,urn:mavedb:00001237-a-1#365,BRCA1:n.115T>C,0.675032856920893
00001237-a-1_localization,urn:mavedb:00001237-a-1#385,BRCA1:n.199G>T,0.583579253371058
00001237-a-1_localization,urn:mavedb:00001237-a-1#394,BRCA1:n.110C>A,0.667776659253629
00001237-a-1_localization,urn:mavedb:00001237-a-1#395,BRCA1:n.131G>A,0.6545988555592339
00001237-a-1_localization,urn:mavedb:00001237-a-1#400,BRCA1:n.1644G>A,0.6285649670423822
00001237-a-1_localization,urn:mavedb:00001237-a-1#413,BRCA1:n.1598C>T,0.6536061340947008
00001237-a-1_localization,urn:mavedb:00001237-a-1#414,BRCA1:n.1379T>C,0.5742291723940103
00001237-a-1_localization,urn:mavedb:00001237-a-1#417,BRCA1:n.2T>C,0.7165744921938055
00001237-a-1_localization,urn:mavedb:00001237-a-1#430,BRCA1:n.1979T>C,0.5049267753693665
00001237-a-2_morphology,urn:mavedb:00001237-a-2#5,BRCA1:n.346G>A,0.4915951765292159
00001237-a-2_morphology,urn:mavedb:00001237-a-2#9,BRCA1:n.1784G>A,0.913199223964837
00001237-a-2_morphology,urn:mavedb:00001237-a-2#24,BRCA1:n.427G>A,0.9239672548193364
00001237-a-2_morphology,urn:mavedb:00001237-a-2#38,BRCA1:n.1223G>T,0.8329131727213926
00001237-a-2_morphology,urn:mavedb:00001237-a-2#41,BRCA1:n.557C>A,0.9893417780662792
00001237-a-2_morphology,urn:mavedb:00001237-a-2#47,BRCA1:n.1891G>A,0.9209795429049878
00001237-a-2_morphology,urn:mavedb:00001237-a-2#51,BRCA1:n.212G>A,0.9563793607358764
00001237-a-2_morphology,urn:mavedb:00001237-a-2#60,BRCA1:n.1760C>G,0.9183229591400186
00001237-a-2_morphology,urn:mavedb:00001237-a-2#77,BRCA1:n.211A>G,0.9579992718750772
00001237-a-2_morphology,urn:mavedb:00001237-a-2#85,BRCA1:n.1742C>T,0.955578016096277
00001237-a-2_morphology,urn:mavedb:00001237-a-2#88,BRCA1:n.1172G>T,0.930283052825779
00001237-a-2_morphology,urn:mavedb:00001237-a-2#92,BRCA1:n.1528C>T,0.9741272427430834
00001237-a-2_morphology,urn:mavedb:00001237-a-2#118,BRCA1:n.305C>G,0.7985497170044982
00001237-a-2_morphology,urn:mavedb:00001237-a-2#119,BRCA1:n.1833C>G,0.9681934372563924
00001237-a-2_morphology,urn:mavedb:00001237-a-2#132,BRCA1:n.1773T>A,0.9270470895032172
00001237-a-2_morphology,urn:mavedb:00001237-a-2#159,BRCA1:n.1504A>G,0.8816377567624725
00001237-a-2_morphology,urn:mavedb:00001237-a-2#210,BRCA1:n.191G>C,0.6198776680144381
00001237-a-2_morphology,urn:mavedb:00001237-a-2#220,BRCA1:n.1673T>C,0.9677253156271488
00001237-a-2_morphology,urn:mavedb:00001237-a-2#227,BRCA1:n.1997G>T,0.8817659418031343
00001237-a-2_morphology,urn:mavedb:00001237-a-2#238,BRCA1:n.1741A>G,0.9002714608523377
00001237-a-2_morphology,urn:mavedb:00001237-a-2#256,BRCA1:n.122A>G,0.8736152481968635
00001237-a-2_morphology,urn:mavedb:00001237-a-2#257,BRCA1:n.3G>T,0.95398490495553
00001237-a-2_morphology,urn:mavedb:00001237-a-2#260,BRCA1:n.823G>A,0.8953148061074725
00001237-a-2_morphology,urn:mavedb:00001237-a-2#274,BRCA1:n.191G>A,0.9304714009069366
00001237-a-2_morphology,urn:mavedb:00001237-a-2#278,BRCA1:n.396C>A,0.9847876016781
00001237-a-2_morphology,urn:mavedb:00001237-a-2#287,BRCA1:n.1895T>C,0.9306709618821616
00001237-a-2_morphology,urn:mavedb:00001237-a-2#293,BRCA1:n.1805G>C,0.940271351928846
00001237-a-2_morphology,urn:mavedb:00001237-a-2#299,BRCA1:n.895C>T,0.9795882444844936
00001237-a-2_morphology,urn:mavedb:00001237-a-2#310,BRCA1:n.2012T>A,0.9605211529359584
00001237-a-2_morphology,urn:mavedb:00001237-a-2#312,BRCA1:n.181T>G,0.9657271784118284
00001237-a-2_morphology,urn:mavedb:00001237-a-2#315,BRCA1:n.1363G>A,0.7458102230328609
00001237-a-2_morphology,urn:mavedb:00001237-a-2#320,BRCA1:n.1831A>C,0.9681934372563924
00001237-a-2_morphology,urn:mavedb:00001237-a-2#352,BRCA1:n.716A>G,0.978941096572921
00001237-a-2_morphology,urn:mavedb:00001237-a-2#365,BRCA1:n.115T>C,0.9382891850375588
00001237-a-2_morphology,urn:mavedb:00001237-a-2#385,BRCA1:n.199G>T,0.9535875736429946
00001237-a-2_morphology,urn:mavedb:00001237-a-2#394,BRCA1:n.110C>A,0.876967783201831
00001237-a-2_morphology,urn:mavedb:00001237-a-2#395,BRCA1:n.131G>A,0.887673699853964
00001237-a-2_morphology,urn:mavedb:00001237-a-2#400,BRCA1:n.1644G>A,0.9838171753239306
00001237-a-2_morphology,urn:mavedb:00001237-a-2#413,BRCA1:n.1598C>T,0.9439718030599332
00001237-a-2_morphology,urn:mavedb:00001237-a-2#414,BRCA1:n.1379T>C,0.9418724442311316
00001237-a-2_morphology,urn:mavedb:00001237-a-2#417,BRCA1:n.2T>C,0.8862103328877481
00001237-a-2_morphology,urn:mavedb:00001237-a-2#430,BRCA1:n.1979T>C,0.6200689945648612
