feature,group,baseline_sp,sp_without,sp_std_without,delta_sp,baseline_pe,pe_without,pe_std_without,delta_pe,baseline_r2,baseline_r2_std,r2_without,r2_std_without,delta_r2,auroc_without,delta_auroc
esm2_x_am,engineered,0.6868163054695563,0.6869504643962848,0.13623896221526827,-0.0001341589267285226,0.8224853013491767,0.8102262412000534,0.08556107614166904,0.012259060149123369,0.6062052155189676,0.15476887902921216,0.5907770624968768,0.14498330864756676,0.015428153022090774,0.8550567874526772,0.0016224986479177472
ddg_evoef2,evo,0.6868163054695563,0.6917234262125903,0.1385217961620559,-0.00490712074303401,0.8224853013491767,0.8215277564846517,0.08977203714022128,0.0009575448645250395,0.6062052155189676,0.15476887902921216,0.6049226044400873,0.15756130799823054,0.0012826110788802803,0.8555976203353164,0.0010816657652785722
am_pathogenicity,alphamissense,0.6868163054695563,0.6868163054695563,0.1340293491884043,0.0,0.8224853013491767,0.8224850813647313,0.08864335022534557,2.199844454375821e-07,0.6062052155189676,0.15476887902921216,0.6062050895866576,0.15476944988807825,1.2593230991342352e-07,0.856679286100595,0.0
mutant_ca_displacement,structural,0.6868163054695563,0.6868163054695563,0.1340293491884043,0.0,0.8224853013491767,0.8224853029367019,0.08864296689871394,-1.587525111368393e-09,0.6062052155189676,0.15476887902921216,0.6062052077331779,0.15476887229956135,7.78578967963739e-09,0.856679286100595,0.0
is_charge_reversal,biochemical,0.6868163054695563,0.6868163054695563,0.1340293491884043,0.0,0.8224853013491767,0.822485303957276,0.08864297078797871,-2.608099292089605e-09,0.6062052155189676,0.15476887902921216,0.6062052121100288,0.15476888092142327,3.408938797910821e-09,0.856679286100595,0.0
delta_hydrophobicity,biochemical,0.6868163054695563,0.6868163054695563,0.1340293491884043,0.0,0.8224853013491767,0.8224852893635508,0.08864294959452688,1.1985625936183908e-08,0.6062052155189676,0.15476887902921216,0.6062052150723238,0.1547688558051002,4.4664372200742264e-10,0.856679286100595,0.0
mutant_plddt,structural,0.6868163054695563,0.6868163054695563,0.1340293491884043,0.0,0.8224853013491767,0.8224853016684,0.08864296873725067,-3.192232034265885e-10,0.6062052155189676,0.15476887902921216,0.6062052151137319,0.1547688792118762,4.052356228356757e-10,0.856679286100595,0.0
is_hydrophobic_to_polar,biochemical,0.6868163054695563,0.6868163054695563,0.1340293491884043,0.0,0.8224853013491767,0.8224853012242914,0.08864296885320326,1.248853243041026e-10,0.6062052155189676,0.15476887902921216,0.6062052154285924,0.1547688789505208,9.037515180665423e-11,0.856679286100595,0.0
is_polar_to_hydrophobic,biochemical,0.6868163054695563,0.6868163054695563,0.1340293491884043,0.0,0.8224853013491767,0.8224853013491767,0.08864296896141385,0.0,0.6062052155189676,0.15476887902921216,0.6062052155189676,0.15476887902921216,0.0,0.856679286100595,0.0
am_class_enc,alphamissense,0.6868163054695563,0.6868163054695563,0.1340293491884043,0.0,0.8224853013491767,0.8224853013491767,0.08864296896141385,0.0,0.6062052155189676,0.15476887902921216,0.6062052155189676,0.15476887902921216,0.0,0.856679286100595,0.0
plddt_rmsd,engineered,0.6868163054695563,0.6868163054695563,0.1340293491884043,0.0,0.8224853013491767,0.8224853013491767,0.08864296896141385,0.0,0.6062052155189676,0.15476887902921216,0.6062052155189676,0.15476887902921216,0.0,0.856679286100595,0.0
shell_rmsd_12A,structural,0.6868163054695563,0.6868163054695563,0.1340293491884043,0.0,0.8224853013491767,0.8224853013491767,0.08864296896141385,0.0,0.6062052155189676,0.15476887902921216,0.6062052155189676,0.15476887902921216,0.0,0.856679286100595,0.0
am_x_evo,engineered,0.6868163054695563,0.6868163054695563,0.1340293491884043,0.0,0.8224853013491767,0.8224853013491767,0.08864296896141385,0.0,0.6062052155189676,0.15476887902921216,0.6062052155189676,0.15476887902921216,0.0,0.856679286100595,0.0
delta_charge,biochemical,0.6868163054695563,0.6868163054695563,0.1340293491884043,0.0,0.8224853013491767,0.8224853013491767,0.08864296896141385,0.0,0.6062052155189676,0.15476887902921216,0.6062052155189676,0.15476887902921216,0.0,0.856679286100595,0.0
shell_rmsd_8A,structural,0.6868163054695563,0.6868163054695563,0.1340293491884043,0.0,0.8224853013491767,0.8224853013491767,0.08864296896141385,0.0,0.6062052155189676,0.15476887902921216,0.6062052155189676,0.15476887902921216,0.0,0.856679286100595,0.0
is_disordered_variant,structural,0.6868163054695563,0.6868163054695563,0.1340293491884043,0.0,0.8224853013491767,0.8224853013491767,0.08864296896141385,0.0,0.6062052155189676,0.15476887902921216,0.6062052155189676,0.15476887902921216,0.0,0.856679286100595,0.0
evoef2_ddg_Total,evo,0.6868163054695563,0.6868163054695563,0.1340293491884043,0.0,0.8224853013491767,0.8224853013491767,0.08864296896141385,0.0,0.6062052155189676,0.15476887902921216,0.6062052155189676,0.15476887902921216,0.0,0.856679286100595,0.0
ca_rmsd,structural,0.6868163054695563,0.6868163054695563,0.1340293491884043,0.0,0.8224853013491767,0.8224853010426432,0.08864296799938232,3.065335762997279e-10,0.6062052155189676,0.15476887902921216,0.6062052159050202,0.15476887816132248,-3.8605263430468995e-10,0.856679286100595,0.0
is_size_increase,biochemical,0.6868163054695563,0.6868163054695563,0.1340293491884043,0.0,0.8224853013491767,0.8224853038783962,0.08864296905917327,-2.5292195005022222e-09,0.6062052155189676,0.15476887902921216,0.6062052161965212,0.15476887811987192,-6.775536798286907e-10,0.856679286100595,0.0
ramachandran_violation,structural,0.6868163054695563,0.6868163054695563,0.1340293491884043,0.0,0.8224853013491767,0.8224853012041549,0.0886429688391511,1.450218833909389e-10,0.6062052155189676,0.15476887902921216,0.6062052162819767,0.15476887915096477,-7.630091003463235e-10,0.856679286100595,0.0
shell_rmsd_5A,structural,0.6868163054695563,0.6868163054695563,0.1340293491884043,0.0,0.8224853013491767,0.8224853116932745,0.08864298037972099,-1.0344097800540908e-08,0.6062052155189676,0.15476887902921216,0.6062052304833163,0.15476889385538684,-1.496434876013808e-08,0.856679286100595,0.0
backbone_rmsd,structural,0.6868163054695563,0.6868163054695563,0.1340293491884043,0.0,0.8224853013491767,0.8224853153880263,0.08864297207580202,-1.4038849527331365e-08,0.6062052155189676,0.15476887902921216,0.6062052425611897,0.15476885409402627,-2.704222212823737e-08,0.856679286100595,0.0
delta_aromaticity,biochemical,0.6868163054695563,0.6868163054695563,0.1340293491884043,0.0,0.8224853013491767,0.8224853486883188,0.08864295105505259,-4.7339142050795147e-08,0.6062052155189676,0.15476887902921216,0.6062052998379269,0.1547688344923796,-8.431895937022205e-08,0.856679286100595,0.0
pam250_score,biochemical,0.6868163054695563,0.6868163054695563,0.1340293491884043,0.0,0.8224853013491767,0.8224852652301202,0.0886429335587507,3.611905652345371e-08,0.6062052155189676,0.15476887902921216,0.6062053293128562,0.1547688541616524,-1.1379388864529716e-07,0.856679286100595,0.0
am_pathogenicity_sq,engineered,0.6868163054695563,0.693952528379773,0.13118904127075298,-0.00713622291021665,0.8224853013491767,0.8235276724367228,0.08823085865710087,-0.0010423710875460124,0.6062052155189676,0.15476887902921216,0.6068961965717764,0.15431405477670335,-0.0006909810528088478,0.8583017847485126,-0.0016224986479176362
delta_size,biochemical,0.6868163054695563,0.6893653250773996,0.13152052305773265,-0.0025490196078432614,0.8224853013491767,0.8232274910069048,0.08827447200480956,-0.0007421896577280984,0.6062052155189676,0.15476887902921216,0.6074795237967272,0.15428111525177945,-0.0012743082777596504,0.8561384532179556,0.0005408328826393971
esm2_llr,evo,0.6868163054695563,0.6922187822497421,0.13402687058674215,-0.005402476780185794,0.8224853013491767,0.8254702086913067,0.09039414601643925,-0.002984907342129972,0.6062052155189676,0.15476887902921216,0.6087503391997711,0.15585524220604455,-0.002545123680803507,0.8604651162790697,-0.0037858301784747805
