variant,clinvar_label,pred_score,ci_lo,ci_hi,pred_std,pred_class
R1699P,VUS,-0.8912728239627705,-1.0820007472386008,-0.6201659444865001,0.11265553729975598,Pathogenic
M1783T,Conflicting,-0.7855294559835626,-0.9356143851041372,-0.6018780756497429,0.08303228640105269,Pathogenic
H1746P,VUS,-0.7673762806988542,-0.9103896177415298,-0.5559864186483471,0.0885271305895344,Pathogenic
M1689T,Conflicting,-0.6786985840653942,-0.8173552731540524,-0.5369043850000194,0.07296958918615398,Pathogenic
H1746Q,VUS,-0.649334149160242,-0.857458514874253,-0.45748612532071103,0.10486300871126465,Pathogenic
F1704L,VUS,-0.5227627242970786,-0.7446475766958505,-0.3319400949876887,0.10731802937500744,Pathogenic
V1696L,VUS,-0.5096240392396865,-0.6459391306528697,-0.3829664076289287,0.0659847340158336,Pathogenic
G1743A,VUS,-0.47916590986962826,-0.6256829096338296,-0.37378706349415625,0.0667215707459673,Pathogenic
A1708V,Conflicting,-0.39750436007707646,-0.49581616583447785,-0.3359985220900364,0.04233221919893695,Pathogenic
G1763V,Conflicting,-0.36478556459513745,-0.4848080885430689,-0.2721429823381036,0.05134368605261926,Pathogenic
M1783L,Conflicting,-0.23165059328821624,-0.3166652908131141,-0.14746955298272696,0.0401862702199443,Pathogenic
R1835Q,Conflicting,-0.190632084953464,-0.2616161961722801,-0.11765096052372977,0.03694491712861788,Pathogenic
V1810A,Conflicting,-0.18510130519090484,-0.2883045625205264,-0.1175151407031538,0.0394456690035898,Pathogenic
S1841T,VUS,-0.17449915876362695,-0.28639170125246405,-0.10125531929239204,0.04419054957158775,Pathogenic
A1789S,Conflicting,-0.15357051956234236,-0.2701074503089618,-0.08897284638019325,0.048507985961487185,Benign
T1658I,VUS,-0.14266421383799374,-0.2351992957605709,-0.0751041568162179,0.038290354653924545,Benign
D1778G,Conflicting,-0.06637074943454441,-0.13164520073839217,0.012843053974159838,0.03946640617655007,Benign
P1831R,Conflicting,-0.06022570785415171,-0.2014703721700209,3.5856894421687664e-05,0.049018057266217635,Benign
Y1769C,Conflicting,-0.045257467399395845,-0.11369348790440265,0.02792304407030095,0.03987523648329041,Benign
V1714I,VUS,-0.035369208919652007,-0.12151082338974653,0.02597423252786691,0.03752352776388122,Benign
A1669S,Conflicting,-0.028837912326274195,-0.11662645624987435,0.035587133407768326,0.03881088925910008,Benign
D1778E,VUS,-0.012655672796592188,-0.08765184670053416,0.07766610363058571,0.041270947946687106,Benign
R1645T,Conflicting,0.005132022613721865,-0.15755467086596386,0.11864481567759001,0.07686462100259046,Benign
E1829K,VUS,0.009312276526053376,-0.05935234110479803,0.12146284177070456,0.04874265273475134,Benign
