variant,y_true,y_pred_oof,residual
H1673F,-0.139558011625,-0.12416655230933862,-0.015391459315661382
I1674C,-0.25426942475000003,-0.059468081976228715,-0.1948013427737713
I1674E,-0.891688788625,-0.7502883785456488,-0.14140041007935122
I1674H,-0.1676393255,-0.46360312027210193,0.29596379477210194
I1674N,-0.13508337612500002,-0.34073080068201483,0.20564742455701482
I1674T,-0.21601346825,-0.1317189198369471,-0.0842945484130529
L1679G,0.02459936349999997,-0.004320447259287541,0.028919810759287512
L1679N,0.0067654214999999795,-0.015233785149294165,0.021999206649294147
L1679W,-0.008018372124999992,-0.07169145563422455,0.06367308350922456
I1680E,-0.78411961825,-0.743048691215814,-0.04107092703418602
T1681E,0.14134580075,-0.16024148249377512,0.30158728324377515
H1686Q,-1.532944496875,-0.706072377175618,-0.8268721196993819
V1688L,0.15028664975,-0.0855782395988183,0.2358648893488183
A1693L,-0.10696863312499999,-0.07762191315028447,-0.029346719974715524
A1693S,0.143235758875,-0.0008128300268360866,0.14404858890183608
E1694A,-0.016564047749999998,-0.11714028109338517,0.10057623334338517
F1695K,-0.33556381074999997,-0.24323008350587347,-0.0923337272441265
F1695Q,-0.16177486375,-0.17508293368824107,0.013308069938241074
F1695Y,-0.27930422737500005,-0.012441185946448219,-0.26686304142855183
V1696C,0.020711262624999977,-0.7604602664225764,0.7811715290475764
C1697A,0.018480782,-0.5023388817411145,0.5208196637411145
C1697L,-1.58075503875,-0.987383782967578,-0.593371255782422
C1697N,-1.203733882875,-1.0049780914501336,-0.19875579142486632
C1697R,-1.3220282507499999,-1.1869781606612821,-0.1350500900887177
E1698L,0.02958965062499999,-0.8943534556078244,0.9239431062328244
Y1703S,-1.37845307175,-0.916324451168015,-0.4621286205819851
F1704T,-1.001796803,-0.9984414053596712,-0.003355397640328772
G1706D,-1.3016329232500001,-1.0678490483864993,-0.23378387486350083
G1706R,-1.7152169762499998,-1.1494118221139908,-0.565805154136009
S1715R,-1.532669131375,-0.9792131963765034,-0.5534559349984967
W1718L,-0.6455815337499999,-0.9700252351864677,0.3244437014364677
V1719T,-0.33532991825,-0.5921839343249446,0.2568540160749446
Q1721C,-0.248172998125,-0.5269943258933812,0.27882132776838126
I1723S,-0.162727127375,-0.22433858800638468,0.061611460631384674
R1726F,-0.28560680287499995,-0.3560881134555201,0.07048131058052015
M1728G,-0.94622607,-0.44076058571241034,-0.5054654842875896
N1730A,-0.211345433375,-0.01921872805582082,-0.1921267053191792
D1733G,-0.017451634000000008,-0.07581691224539822,0.05836527824539821
D1733P,0.054080413625000004,-0.26708975889912534,0.32117017252412533
D1733S,-0.181488133875,-0.010724195765830035,-0.17076393810916998
F1734R,-1.4780287505,-1.0233478906972362,-0.45468085980276385
F1734V,-1.101790115375,-0.7000903604431483,-0.4016997549318517
G1738Y,-1.5385682593749999,-1.1504009414891034,-0.3881673178858964
V1741F,-1.21228756675,-0.24269654612467537,-0.9695910206253245
P1749L,-1.057810230375,-0.5427632572860117,-0.5150469730889884
R1753A,-1.149932719,-0.9394915091722116,-0.21044120982778836
Q1756A,-0.16347669674999998,-0.0018887147608280142,-0.16158798198917196
K1759T,0.17065218449999997,-0.04730908049309744,0.21796126499309743
I1760F,-0.20353148250000003,-0.27990801796088116,0.07637653546088113
I1760S,-1.5093493422500002,-0.7550075494472689,-0.7543417928027313
I1760V,0.24635750574999998,-0.044207837172241846,0.29056534292224184
L1764W,-0.407143308875,-0.11372760403139962,-0.29341570484360036
E1765L,-0.177481705,-0.38548533796082796,0.20800363296082797
I1766V,-0.10978672137500001,0.0008297007740170504,-0.11061642214901705
C1767Y,0.0307820415,-0.21080262472501202,0.241584666225012
C1768R,-1.069683016,-0.9885544760319227,-0.08112853996807723
Y1769L,-0.051637817375000006,-0.09602478992622124,0.04438697255122123
Y1769N,-0.09729729475,-0.13408571785554746,0.03678842310554746
G1770V,-0.7408129560000001,-0.7502286340832303,0.009415678083230183
T1773S,0.22786391625,-0.03670070781874176,0.26456462406874176
M1775V,-0.32736990437499996,-0.29887737055280655,-0.02849253382219341
T1777P,-0.046376938624999996,0.01101847857200371,-0.05739541719700371
E1781K,-0.086559389125,-0.2236538526106826,0.1370944634856826
V1784A,0.11060504075000001,-0.2364284998827369,0.3470335406327369
Q1785M,0.08141386625,-0.1471574181479284,0.2285712843979284
G1788S,-0.7854888543749999,-0.3096301603473677,-0.47585869402763226
V1792L,0.12068239212499998,-0.14866251249988777,0.26934490462488775
K1793Q,0.386819997875,-0.007515580281245793,0.39433557815624576
E1794G,0.12705828875,-0.02649001055980125,0.15354829930980124
S1797C,0.3612825785,0.010001574572148064,0.35128100392785194
T1802K,-0.25809508075,0.023384685760470914,-0.2814797665104709
T1802R,0.077197171875,0.01934789014921807,0.05784928172578192
P1812L,0.141219255875,-0.19214411514834323,0.33336337102334324
E1829T,0.2848410745,-0.0008417569337126563,0.28568283143371265
P1831S,0.135284066875,-0.015469689170189116,0.15075375604518912
V1832M,-0.15780409374999999,-0.052510576774844886,-0.1052935169751551
V1832P,-0.328099573625,-0.4489368585398926,0.12083728491489265
V1832Q,0.106826092,-0.2962336497529884,0.40305974175298837
L1839S,-0.95994627675,-0.8540824611115554,-0.1058638156384446
S1841R,-0.983910386125,-1.0750407668206208,0.09113038069562074
Y1845K,-0.45336388475,-1.219502132924054,0.7661382481740541
E1849R,0.03360710325,-0.02310333217679148,0.05671043542679148
L1854V,0.158374538375,-0.02696999599769121,0.18534453437269122
Q1857M,-0.25920239700000003,-0.06483666214064662,-0.1943657348593534
I1858T,0.07521312775,0.02415931904312697,0.051053808706873025
H1862L,0.0285307595,0.05891089765761452,-0.030380138157614523
