,mutant_plddt,ca_rmsd,backbone_rmsd,mutant_ca_displacement,shell_rmsd_5A,shell_rmsd_8A,shell_rmsd_12A,ramachandran_violation,is_disordered_variant,pam250_score,delta_hydrophobicity,delta_size,delta_charge,delta_aromaticity,is_charge_reversal,is_size_increase,is_hydrophobic_to_polar,is_polar_to_hydrophobic,am_pathogenicity,am_class_enc,evoef2_ddg_Total,ddg_evoef2,esm2_llr,am_pathogenicity_sq,am_x_evo,plddt_rmsd,esm2_x_am
R1645T,0.021004723007670697,0.0030959691422442906,-0.003103684266995461,-0.08881862632027854,0.02639283859904928,0.014885874760510044,0.0012169603158731853,0.0100549855404533,0.0,0.006128575755846285,0.013856631688095948,0.019221918592662087,0.00213666669388468,-0.0007656501395263836,-0.028920306358865222,0.014038482379724862,0.004496081812348221,9.157051210517884e-05,0.05269172404949684,0.048320422428435775,-0.0008827078643423602,0.04155727247973761,0.13570683302359554,0.0014086755405586196,-0.003976719810690983,0.009253665900971424,0.07919250188513542
T1658I,-1.1890040415697264e-05,0.00745669056909655,0.006225363898735282,-0.001982309297234854,0.0006186526564732723,-0.0003252016558300379,-1.7539486982531248e-05,-0.0030029812337822427,0.0,0.011036838418354943,0.012949516446714644,-0.004669723334853583,0.0005676439399378628,4.396705346681767e-05,0.010618993849152112,-0.014159944179357606,0.002802972691594849,0.0040674023669208265,0.0005460817158535973,0.05246409564314416,0.00017921155145260098,0.009439218789640174,0.020430321879638523,0.04935309868172807,0.0058144948056885306,0.006860579529582311,0.05318288763726692
A1669S,-0.00027571001281390323,-0.004003815802686014,-0.0010582598533660564,0.0010399882580369366,0.0010415700321526188,-0.00023754502456030478,-0.00032623569222926563,-0.0019489980710932922,0.0,0.022289546454278334,-0.0012711727924178081,-0.004813475232606189,0.0005071452768795127,-0.0008537886591054269,0.010008575937690724,-0.012919112735232805,-0.0007806502587765557,-0.0006378928581535924,0.07847889201534083,0.07663408086112998,0.004197835114719543,0.00044243844103379425,0.09053597424391989,0.06312737930620675,-0.0007446092018006476,-0.005257582279663578,0.031140166940821546
M1689T,-0.000480188048945148,-0.0019081511668758207,0.0035186995001138667,-0.002291727252960188,0.0011458106400926674,0.0015711241084269071,0.00021109787847039112,-0.0027080632379284475,0.0,0.0020731317124030777,-0.002200813575481963,0.008347053117843561,0.0005047545510958604,0.005817689440666319,0.011486222914897837,0.012521452020047492,-0.0018158041607848929,-0.000800518696745169,-0.07027942664142837,-0.07237268344697985,-0.0017798315899250395,0.026641760596721156,-0.05830760316823914,-0.0759399495091431,-0.017001468573152573,-0.002788860466462684,-0.06870963427714878
V1696L,-0.0005862947915720534,0.00011006227310924292,-0.0008063644895423602,0.007896576163670453,0.00756823586179923,0.0012740770216981344,0.0008011451005316112,-0.0026280589791916583,0.0,0.032653502380510215,0.001451808291878793,-0.0028226857032198176,0.0005588832807860309,0.0005452801702542139,0.013504949349787678,-0.014149603078074538,0.001109660334459399,-0.000703855159346162,-0.06041495733507913,-0.08129820348518525,0.00031982558450143763,0.02682909512335913,-0.023944563725431838,-0.04968586504617614,0.011621839652315466,-0.00040731348278216166,-0.005268557818772767
R1699P,-0.0015620951685485765,-0.004592247773619814,-0.005095250869406383,-0.011375227016278243,-0.008499543967873523,-0.003984750366834517,-0.0016191313619816172,-0.0025746819732315233,0.0,0.00957486707371878,0.00962956594489871,0.015204307426519407,0.00196316324351383,0.006527468332478769,-0.027939023241297448,0.009496999730247216,0.002691125351675644,-0.0006591211738837188,-0.12041162738360359,-0.07928585635611572,0.00541730827658247,0.039070320087296564,-0.08539499243556734,-0.16344314816550676,0.02236955936992362,-0.005717027905256759,-0.11791112690665098
F1704L,-0.001739581357031256,-0.0027866454924330136,-0.0039495040950431135,2.1858389581978798e-05,-0.0003626673347141081,0.0025186762082193667,0.00037546259215762493,-0.002491330789271969,0.0,0.03327050900948312,0.004379088397713498,0.00345566308792236,0.00037158098714488107,-0.035286547279599303,0.01213702511510676,0.00838431289458482,0.001749659475104361,-0.0005310541818927419,-0.13423407394566692,-0.09003784321785827,0.00048391432561377363,0.0010226557309359289,0.07998985135578349,-0.18075888395046746,0.017218114229261245,-0.004128612181361382,0.14131830446361776
A1708V,-0.0028711484883570267,-0.003798657337951348,-0.0038807822603713553,-0.004938034950079097,-0.00480727273154126,-0.006177995123391688,-0.0014479061960848908,-0.0029270714685704175,0.0,0.011301634724310212,0.010662909087403586,-0.006944173198610551,0.00040554051349846534,-0.0025011214212159356,0.011359902199791464,-0.013738699169318892,0.0029901812412991536,-0.0006041421191344196,0.0014767116259018912,-0.059545980230812666,-0.0017574696215696263,-0.0024559303796106648,-0.004448038326712085,0.030388522439152924,-0.010186839212574366,-0.004970470528859394,0.04506462759030753
V1714I,0.0006022745101704147,-0.010873368429632949,-0.0073365662402208156,0.003817268504304672,0.0045978054802492075,0.004438321437531988,0.0007336574230396774,-0.0021645289815676004,0.0,0.05579995515777249,0.004884861017474813,-0.003745101103852821,0.0005804404493941009,-0.003117309808414741,0.010030418916735848,-0.014370387889480469,0.002894031615830789,0.00010784278752912689,0.07104000192329434,0.06790470758102,-0.0018795137435411232,0.014991978661957976,0.05783968289361438,0.04780295269702232,-1.7481430336003481e-06,-0.011992878412873482,0.04519864951000318
G1743A,-0.0016551799324191424,-0.008950078438294002,-0.005083874506528472,-0.0064351910356996575,-0.0027734691741142384,-0.0009523686012752721,-0.0005992110999486931,0.013195533038444522,0.0,0.021101597898494303,0.0046174667274987685,-0.003252494566190444,0.0004898205446207481,0.000552367803857177,0.011363456942743962,-0.013503599460316344,0.0015906858239699802,0.0037813510474385406,-0.050936935074958466,-0.07125850231227487,0.0062597079284387415,0.0159384962131317,0.002549353632138269,-0.04595760376520352,0.017515407836126703,-0.01041945864079339,0.016809468035458436
H1746P,-0.0019397760069722117,0.004687337449085139,0.007565510775243562,-0.0015260694456131864,-0.0014282566457781234,-0.0011127436918826317,-0.0005255683532528829,-0.0031317522431578548,0.0,0.011212919507510872,0.005948307669566072,0.005692381721590973,0.0004489459557400705,-0.033357683467448294,0.012733038229839337,0.008306484388102284,0.0022570454637997938,-0.0007588734270526031,-0.08192311169750846,-0.07680966749769792,-0.0021415252165028677,0.035229724959737196,-0.08987970409000161,-0.08789340861775258,-0.015348806811934684,0.003727387823269034,-0.09425576069581111
H1746Q,0.001080731972687287,-0.013996015888820088,-0.009011408995369405,0.005737345778013879,0.005956708793161955,0.0024677031541204355,0.0001601792718659584,-0.002495978877541612,0.0,0.047801347257196335,0.0017679922181844637,0.0015026390830802415,0.0006003706629264686,-0.037304710719067595,0.013522213345486953,0.012285072041257417,0.0019030718188320559,-0.0001217619538313999,-0.13003165172551534,-0.08835730100209363,-0.0036734087888533433,0.059000603757421374,0.007927943795228796,-0.16868031821335444,-0.0208625075116597,-0.013619444569737715,0.05025909287010824
G1763V,-0.00017237246989335926,-0.004393443183837761,-0.0035636641033424646,0.0031271150076511434,0.0030039899563193153,0.001351513681424665,-0.0001472670067865373,-0.0028182589936233743,0.0,0.0013469944327349059,0.012808055145570851,-0.010643234334841333,0.0005676510362269842,-0.003790751017671877,0.011851231065290003,-0.011714569277155237,0.0028049779318071416,0.004062142047771911,0.008249684675986082,0.001535643253014509,-0.002621742123845779,0.0064205217352882645,-0.07630082294174101,0.0632751635512276,-0.00803691071771732,-0.003909523533496239,0.016074968322479913
Y1769C,0.0013125963350577498,0.00034045985910378186,-0.003432794815810573,0.005290889768655831,0.0039239980565589075,0.003633310754525153,0.0007293860093736566,0.012810961307226773,0.0,0.010254983476028056,0.008211590201838608,0.008244988714012108,0.0005007659118401212,-0.03426946306921053,0.011945151701695163,0.007046391154612835,0.0022758565208774043,0.003761124513345392,0.09865165120090441,0.07739586955208543,0.0025291436506081014,-0.015100596917035811,-0.01534528751072643,0.05126857815343715,-0.0013434833117299035,0.0004963836371393245,0.08676273448017241
D1778E,0.002430127773454166,0.010512887293460543,0.013827094470904347,0.0054697981803569695,0.00561119040308026,0.0042749098720503325,0.0014198992278334683,-0.0029637823403212502,0.0,0.04349798805059654,0.0023126653421255278,-0.0047126066667141295,0.0005700567738618309,0.0008388265729057125,0.012037574547933584,-0.014305725629046086,0.002194142016674342,-0.0002924583737937619,0.0457649397398808,0.05265383043872453,-0.001045042834952002,0.0029245495525197012,0.11949939368540718,0.03210718408978586,-0.004037826769515411,0.00985906094937519,0.020048307570798493
D1778G,-0.0028067803275355283,0.006054639034121609,0.006298664906543951,0.004484783290235967,0.004646622875522592,0.004360956749280647,0.001564795452091183,-0.0028252147948809384,0.0,0.020992488867518276,0.010724255049687634,0.011402512475117019,-0.0021525281816999688,0.007425491023644026,-0.02497966586194514,0.00687622509178595,0.0032806579676512436,-0.0001521390390334143,0.07115447762468968,0.06749202670571329,-0.0016737869027290812,-0.0029189057527186147,-0.007401177666890545,0.04984032550941952,-0.0019961283227692425,0.005540987135951154,0.07154832439066511
M1783L,-0.0023243434258930153,0.0024764782667286915,-0.0021522933441289493,0.004096152325355155,0.004206411714755828,0.002464759738804272,0.0006085604082055954,-0.0028611231378845668,0.0,0.05668863068673469,0.007744608269126669,0.003233710078470619,0.0004726270759151212,0.002344534159382668,0.01114905648040135,0.01113264300778543,0.002888341993529986,5.367120695548768e-05,0.0077754243808547925,-0.009795434790677002,-0.003191988320679119,0.006654867995336205,-0.026319325032508563,0.049868049921058026,-0.008777191560554384,0.001594095114738378,0.021471140233949065
M1783T,-0.003763436203561113,0.008244076311715056,0.013679450679758705,0.0015869368625764347,-0.0007560444212986191,0.0008499403021883543,0.0004155725839072821,-0.002705096762025344,0.0,-0.0008765091342571536,-0.0034120504701800483,0.005540630140213478,0.00039054127838202956,0.007447321819632773,0.012235083659044374,0.01086273669887681,-0.0021946089408455246,-0.0012405559956499355,-0.0928498917167639,-0.07806208273922156,0.0030466025441121453,-0.009380155316699326,-0.06807815574739648,-0.12076472469500958,0.01914311412023133,0.007285859057014963,-0.11902135316433696
A1789S,-0.0009572916183281888,-0.004202058558593223,-0.0005471207726097342,0.00288717438522186,0.0041887482545355185,0.0032644889327524524,0.00036658643168922713,-0.0022098877380079505,0.0,0.023147544878953204,-0.000724046421622447,-0.005304443925171471,0.0005036094401647743,-0.0023772960891702407,0.00887426554495494,-0.013671708874932381,-0.0008887861475671795,-0.0005811593677404754,0.04910070711829637,0.0726297262128835,-0.0016824049313439431,-0.0005084050131419484,-0.03863691817009938,0.0734018059164526,-0.0038033542306824828,-0.005831587508074932,0.06314394942281967
V1810A,-0.0019541549491179674,0.0031366363828873793,0.006301098242000996,0.006174501383809817,0.004635877059267103,0.0025673027485992013,0.0019070054463209871,0.01264939833412508,0.0,0.005089126742537452,-0.006045587489794197,0.005667021616000744,0.0005203175203478933,0.007041449234973263,0.01253610749433126,0.010332333703403512,-0.00022672742647888007,-0.0012702751654774423,0.029367698610720496,0.00016175125929988518,0.0036013640378938596,-0.0020999154598730745,-0.004025767251609033,0.06111719045575531,0.007214118908651494,0.0022799141567394873,0.021373565947759236
E1829K,0.00730399740058528,0.005724915018475741,0.00742571681517036,0.004071648452404669,0.004937230600056856,0.004576048945832837,0.0019919333670544727,0.012071638621807795,0.0,0.010177463336163775,0.000921758977823182,0.002195643174403533,-0.003946286054406117,0.005923394718799309,-0.01909724809556064,0.012644237351243991,0.0020573095928700905,-0.00042957446594284215,0.07301297091098279,0.05919735603251934,0.001004311225516902,0.010010726820779418,0.1490256601482886,0.034115040486621374,0.0012230240965402745,0.007082543868205563,-0.010756528086204883
P1831R,0.002068149796897932,-0.00270514014573124,-0.0033509186989526896,-0.0018464807374120764,-0.0031631691622573716,-5.057006572053527e-05,-0.0006434276756966502,-0.0030017091340486727,0.0,0.012986199953950341,-0.00502474985090715,-0.011927884164780963,-0.0018857166545951333,-0.004780581029542049,-0.02370522669523905,-0.010470929484061961,0.0007697672339204428,-0.0008521528516108006,0.09816171516161624,0.07921943863976097,-0.0005146520266384771,0.03286551428162709,-0.020492445306370944,0.07162405938719779,0.0006417101862132552,-0.0011142441890471578,0.11012039211125803
R1835Q,0.0006579539763221395,-0.001918329934219073,-0.0009308273830952416,0.005095167019585772,0.00639659136206073,0.006656436794251782,0.0017560924358474214,-0.0027556997603659997,0.0,0.02212697921093331,0.0053655200324393216,0.005597055887965423,0.0019256004225762459,0.0028490516967753874,-0.028822324928362304,0.010895229296066455,0.002050878707586761,-0.00022094615479210144,-0.004233450269226433,-0.0050263404638750415,-0.00397096159383516,-0.007892272443815969,0.060683201417869245,0.04902002807645257,-0.009754407841000425,-0.0020772217716886108,0.0690475679880574
S1841T,-0.0031193271921464744,0.003754159664347269,0.0013965824110395548,0.00892262402752431,-0.0004723874861185516,0.0003324294558224447,-4.382414657005246e-05,-0.002619483727304085,0.0,0.0187742338843377,0.0025943421739793725,-0.005512173753081023,0.0005144910419702036,-0.0007800701520083615,0.011183551111991895,-0.014780064960970198,0.0015123957337384163,-0.0007996694046682562,0.026015949609453533,0.06232737803437156,0.00014788593950163914,-0.0018647211444589877,-0.03557027122290563,0.0671219902772633,0.0052991079933784584,0.0028377051093989324,0.05148066469246623
