variant,mutant_residue,var_global_plddt,wt_global_plddt,mutant_plddt,n_alignment_anchors,ca_rmsd,backbone_rmsd,mutant_ca_displacement,n_displaced_upstream,n_displaced_downstream,n_displaced_total,shell_rmsd_5A,shell_n_5A,shell_rmsd_8A,shell_n_8A,shell_rmsd_12A,shell_n_12A,phi_-2,psi_-2,phi_-1,psi_-1,phi_+0,psi_+0,phi_+1,psi_+1,phi_+2,psi_+2,ramachandran_violation,domain_RING,domain_central,domain_c_term,wt_aa,mut_aa,pam250_score,delta_hydrophobicity,delta_size,delta_charge,delta_aromaticity,wt_hydrophobicity,mut_hydrophobicity,wt_size,mut_size,wt_charge,mut_charge,wt_aromatic,mut_aromatic,is_charge_reversal,is_size_increase,is_hydrophobic_to_polar,is_polar_to_hydrophobic
D1582N,1582,34.32,34.16,23.63125,207,0.3456319166352352,0.36478603875280113,46.36027049966501,0,6,6,46.370759871097306,3,46.41498354265933,5,46.815656051414585,7,22.496646040913625,154.5289929160415,172.6278246533115,167.86791056505123,94.19484596655778,140.94213309725072,-173.59361221577285,156.4050452778491,-70.35366475166938,-174.8389140671976,1,0,0,0,D,N,2.0,0.0,-1.0,1,0,-3.5,-3.5,115.0,114.0,-1,0,0,0,1,0,0,0
A1588D,1588,34.41,34.16,21.278750000000002,208,0.23811296271437452,0.2545498277576837,48.92362771279403,0,3,3,48.749458382182034,3,48.58884712050443,5,59.6191966793344,8,72.51811083455752,151.5463472217199,-176.9278396786433,161.24939472731037,77.82199950018806,119.20349171713433,82.32847195970943,117.44758516627793,58.30001114293038,125.09997806510124,0,0,0,0,A,D,0.0,-5.3,44.0,-1,0,1.8,-3.5,71.0,115.0,0,-1,0,0,1,1,1,0
P1594L,1594,33.76,34.16,18.70875,207,0.22075109745440455,0.22922998865521174,59.10230957008957,0,2,2,59.14618437575764,3,59.774064322746014,5,60.4951713959398,7,74.20969283180202,141.81513039641467,-175.8750368842991,148.69128826694447,64.53935544221768,144.92866021982772,-174.5069879194058,159.77011092207158,92.60827236075303,131.66641635652306,0,0,0,0,P,L,-3.0,5.4,16.0,0,0,-1.6,3.8,97.0,113.0,0,0,0,0,0,1,0,1
V1602S,1602,34.03,34.16,19.976666666666667,208,0.34464704929528783,0.3678640419178956,54.693009220656,0,3,3,55.20381033443891,3,55.14666362952405,5,55.00752982187225,7,136.9999808552908,136.18833347893744,92.1665375022442,102.56529709775427,-62.977206291073,-173.64271671071245,-152.0418049928634,178.12506638890025,76.52880391311501,142.559107769495,0,0,0,0,V,S,-1.0,-5.0,-12.0,0,0,4.2,-0.8,99.0,87.0,0,0,0,0,0,0,1,0
Y1625S,1625,34.59,34.16,23.803333333333338,207,0.3172739017578897,0.3694007055609246,6.224736382144023,0,5,5,6.234062412748687,3,6.8419481213621385,5,7.494376789378922,7,77.6488522579157,127.41055509655706,141.7691767023435,76.43394724677822,-4.403813620365009,126.20566476584318,164.74471051382483,145.43352072712037,91.24874886597446,114.20286941877822,1,0,0,0,Y,S,-3.0,0.5,-76.0,0,-1,-1.3,-0.8,163.0,87.0,0,0,1,0,0,0,0,0
M1628C,1628,34.68,34.16,19.653333333333332,208,0.17194757066250171,0.20484204094122402,8.484545470133197,0,0,0,9.21849172134157,3,10.081180505838676,5,11.535273602014978,7,89.54576594334662,112.28266637296424,90.66804699218633,149.37402023387597,79.36947798590701,142.39451248262776,-177.0793267989476,130.35816065142654,73.54964410720794,111.67592800258811,0,0,0,0,M,C,-5.0,0.6000000000000001,-28.0,0,0,1.9,2.5,131.0,103.0,0,0,0,0,0,0,0,0
S1633C,1633,34.32,34.16,23.138333333333332,208,0.26042297827434885,0.2973953550731631,39.24525535126199,0,5,5,39.85325037419632,3,39.41469632831001,5,38.97062403207599,7,-157.32154218828097,118.00950814119068,-69.02047602134145,123.44745845719831,-115.03345161451742,124.40266075574084,-90.31476690234798,115.32614105367462,-107.09144196949052,138.51777401054127,0,0,0,0,S,C,0.0,3.3,16.0,0,0,-0.8,2.5,87.0,103.0,0,0,0,0,0,1,0,1
M1652I,1652,34.71,34.16,93.23625,208,0.3798944227060253,0.4193480133061964,0.1695447896747159,0,7,7,0.14627932795730558,5,0.16246375981797126,14,0.2247195158271861,40,-62.31985098880445,127.56675583428537,-133.2750393869206,120.99435883497381,-104.96114470788024,140.59120552729078,-120.55105944801112,155.7840635376372,-116.94665320742203,154.60818045249266,0,0,0,1,M,I,2.0,2.6,-18.0,0,0,1.9,4.5,131.0,113.0,0,0,0,0,0,0,0,0
S1655A,1655,34.23,34.16,93.72,207,0.19217695818681926,0.22133259302979796,0.17725389212593282,0,1,1,0.17140500653800264,3,0.1597226446916418,13,0.17131760449630687,41,-125.12890480990168,158.72459931765178,-120.77692569152073,152.95609658809116,-144.00286692880303,136.25726843619006,75.8800759851951,7.8913166313784915,-83.88752733055277,149.8715729756942,0,0,0,1,S,A,1.0,2.6,-16.0,0,0,-0.8,1.8,87.0,71.0,0,0,0,0,0,0,0,1
G1656E,1656,34.58,34.16,81.83777777777777,208,0.3489773110068108,0.3729092177136263,0.2781639537323029,0,6,6,0.18367079342885895,3,0.3371369919784939,9,0.6587034642939489,32,-118.43876262689379,154.48060756010295,-142.03157167671466,137.54808169718126,58.31163969513938,27.865296330791306,-92.39861178079319,144.9426304817059,-71.8509386328657,163.40644734972724,0,0,0,1,G,E,0.0,-3.1,72.0,-1,0,-0.4,-3.5,57.0,129.0,0,-1,0,0,1,1,0,0
G1656H,1656,34.37,34.16,83.775,208,0.21530154329954487,0.26207121847039394,0.3310280272725895,0,1,1,0.19833884885598704,3,0.2711345115825897,9,0.6966752894376341,32,-111.43329448641828,159.96842282609305,-146.03921589357932,133.68871814087265,64.53165520317263,24.513151101433262,-87.64842260973431,149.60314370682224,-73.2386634507857,163.9425023703047,0,0,0,1,G,H,-2.0,-2.8000000000000003,80.0,0,1,-0.4,-3.2,57.0,137.0,0,0,0,1,0,1,0,0
V1665M,1665,34.82,34.16,86.64750000000001,208,0.4052787854803468,0.4101171275516157,0.40089732387208465,0,6,6,0.34473260754757845,4,0.2806112112506375,10,0.20329040541639645,38,-63.6536097017488,-39.39402956063911,-64.79006089013882,-42.56397111367245,-59.539126465183706,-41.710042564483444,-64.12948164674101,-44.42869299907673,-58.156907689504415,-45.56342049294982,0,0,0,1,V,M,2.0,-2.3000000000000003,32.0,0,0,4.2,1.9,99.0,131.0,0,0,0,0,0,1,0,0
R1670L,1670,34.62,34.16,86.825,208,0.4216572270460611,0.4282768205263098,0.1717172790871418,0,8,8,0.18392406110608187,3,0.19091040419934283,10,2.790907661722154,23,-60.848714106798674,-44.66028242892067,-61.851533248146175,-44.5598734240003,-60.508148736610515,-47.61603645125442,-60.07585610567845,-38.222170766703535,-101.18728074685833,10.031287295917892,0,0,0,1,R,L,-3.0,8.3,-43.0,-1,0,-4.5,3.8,156.0,113.0,1,0,0,0,1,0,0,1
I1674H,1674,34.7,34.16,85.672,208,0.391201932182812,0.41731517275998953,0.31236026526772886,0,7,7,0.21848911207908858,4,0.17945602694280213,12,0.17650028996991154,24,-98.1912353288569,10.403160517252532,55.27669838233342,35.336143571670895,-92.9178650961168,149.97817613281848,-83.57176587096599,133.13730333896402,-119.61406376498334,122.72157767846285,0,0,0,1,I,H,-2.0,-7.7,24.0,0,1,4.5,-3.2,113.0,137.0,0,0,0,1,0,1,1,0
H1686Q,1686,34.17,34.16,92.02,208,0.19299268462810998,0.21903136608288118,0.23583268453289002,0,1,1,0.15784263597953424,5,0.12259186585163512,14,0.15540062257679915,46,-57.643350663583284,128.90063394129993,-108.37100583192071,-32.53658264097058,-125.20938423540049,138.69627647350242,-114.2537855704214,112.23256299836427,-92.0334542663651,111.7516380762944,0,0,0,1,H,Q,3.0,-0.2999999999999998,-9.0,0,-1,-3.2,-3.5,137.0,128.0,0,0,1,0,0,0,0,0
D1692N,1692,34.4,34.16,91.70875000000001,207,0.33690336218025013,0.37946589435970923,0.017276255512106053,0,5,5,0.040364618151513765,3,0.07635608664266148,8,0.09698577003632258,22,-65.78074565919424,125.46928227142881,-132.9210211679989,165.64620102980254,-79.75990278876169,-177.82273890802085,-63.874568753133495,-19.019248193736765,-89.195655752457,2.1344924101781375,0,0,0,1,D,N,2.0,0.0,-1.0,1,0,-3.5,-3.5,115.0,114.0,-1,0,0,0,1,0,0,0
E1694A,1694,34.06,34.16,94.312,208,0.30390165904239486,0.32739431179958967,0.05910807070378271,0,4,4,0.07899839099903205,3,0.06070821875156818,8,0.08864187502062844,24,-77.7234252938177,-179.33398334818455,-64.10857559833387,-16.244108136392377,-96.21699211877538,9.654433531925095,59.832917205896074,40.30008109139475,-100.67197498203599,128.4682732321449,0,0,0,1,E,A,0.0,5.3,-58.0,1,0,-3.5,1.8,129.0,71.0,-1,0,0,0,1,0,0,1
C1697R,1697,34.09,34.16,75.54363636363637,208,0.41170974773189695,0.4546199269295208,0.5239690666936141,0,6,6,0.4077935785143461,5,0.3384038698661085,13,0.25341542659763927,44,62.07700340552638,40.428054448300585,-101.84575675609503,140.3774552775729,-137.43932957361125,158.33112015026424,-68.813625662223,152.27288736185366,-82.04752024553959,122.27890100578945,0,0,0,1,C,R,-4.0,-7.0,53.0,1,0,2.5,-4.5,103.0,156.0,0,1,0,0,1,1,1,0
E1698L,1698,34.04,34.16,89.94375,208,0.2955010270739627,0.307593393698659,0.22524049346375238,0,3,3,0.21568799645682718,3,13.934824281739315,13,14.66329625154646,35,-99.99727826742789,127.82761485647814,-115.81467802347147,175.650468396705,-84.89937330087872,155.66713026924097,-83.5954748240493,113.19546170159958,-122.26109136351695,165.12862851071247,0,0,0,1,E,L,-3.0,7.3,-16.0,1,0,-3.5,3.8,129.0,113.0,-1,0,0,0,1,0,0,1
R1699Q,1699,33.92,34.16,90.13222222222223,207,0.32007719523275213,0.3217708385838643,0.1796894449937374,0,5,5,0.15317328721802764,3,1.3135807434739606,13,1.1256231663502931,41,-115.70423319597107,170.74352132451486,-80.21114776179081,156.03825833233267,-82.58709245709102,115.30930468381712,-123.94214521234582,165.34908095860453,-58.416983630132904,-43.16888785977944,0,0,0,1,R,Q,1.0,1.0,-28.0,-1,0,-4.5,-3.5,156.0,128.0,1,0,0,0,1,0,0,0
Y1703S,1703,34.36,34.16,93.88,208,0.2341037015409224,0.24508789154837574,0.2172779464208052,0,3,3,0.13920600640681274,3,0.11614858074566853,13,0.20754310184474234,48,-53.3604778603354,-43.79064345864817,-63.410698968037906,-37.93337975690657,-65.60894753707508,-43.25074819411915,-62.78219559420982,-47.56549298255747,-64.94824390907092,-34.80792987208852,0,0,0,1,Y,S,-3.0,0.5,-76.0,0,-1,-1.3,-0.8,163.0,87.0,0,0,1,0,0,0,0,0
A1708E,1708,33.95,34.16,85.83222222222221,208,0.5322229757844666,0.5389455800351935,0.8127890853009634,0,6,6,0.7056562002036973,4,0.6232470860317597,15,0.580450517370302,50,-64.06761239025282,-46.91324251194823,-64.2662473793483,-49.7764599886438,-58.189415201222225,-40.77335945552226,-77.50127721140672,-1.1843478132710412,59.28979509658771,30.555548901782196,0,0,0,1,A,E,0.0,-5.3,58.0,-1,0,1.8,-3.5,71.0,129.0,0,-1,0,0,1,1,1,0
S1715R,1715,33.99,34.16,85.82454545454544,208,0.44848327121188797,0.4439789249809409,0.04483379256001701,0,7,7,0.0711506829138099,3,0.19849033361454452,15,0.2607467814714672,43,-107.2030504280378,98.90772100890759,-116.13495565667533,153.5769692855059,-70.51005765518889,145.04489072230945,-52.050311130951265,-31.291564414568516,-59.53471412212115,-22.821896538600242,1,0,0,1,S,R,0.0,-3.7,69.0,1,0,-0.8,-4.5,87.0,156.0,0,1,0,0,1,1,0,0
W1718L,1718,34.68,34.16,93.635,208,0.3509624840925084,0.3426187402142408,0.1253172860159144,0,3,3,0.11423395164352138,3,0.1303367904814971,12,0.12938326912249493,36,-53.75242806074237,-25.551196628611947,-60.55042391156747,-22.741179875640366,-55.8436589824131,-45.93290698847845,-70.4327661231786,-51.19991563291774,-62.994745245754956,-41.983337306406064,0,0,0,1,W,L,-2.0,4.7,-73.0,0,-1,-0.9,3.8,186.0,113.0,0,0,1,0,0,0,0,1
W1718S,1718,34.51,34.16,93.11666666666666,208,0.3330180395084764,0.3455872190623936,0.09461460409901847,0,5,5,0.1348506328486687,3,0.1970196493549843,12,0.24905708515824618,36,-53.389816968202986,-27.30113943009358,-59.314001738502945,-23.99391921456811,-58.88305458152574,-40.75689676050496,-73.47414010320709,-50.62146363444509,-63.066859818219186,-40.94409208074196,0,0,0,1,W,S,-2.0,0.09999999999999998,-99.0,0,-1,-0.9,-0.8,186.0,87.0,0,0,1,0,0,0,0,0
D1733G,1733,33.81,34.16,94.05999999999999,208,0.32815123883037334,0.370206003227812,0.14529593770154797,0,3,3,0.11942742612102084,3,0.1427644506328002,6,0.15445325001203558,23,-63.131342294558195,-33.0729439494756,-56.297307346678515,-34.92216720808677,-73.7461149841721,-12.226250283331465,-125.10485541628961,10.033899433436522,-62.19948247960996,136.41386613224094,0,0,0,1,D,G,1.0,3.1,-58.0,1,0,-3.5,-0.4,115.0,57.0,-1,0,0,0,1,0,0,0
D1733S,1733,34.91,34.16,92.70166666666667,208,0.19328533453168092,0.19724614931779422,0.10506429534857378,0,1,1,0.08335102717620278,3,0.1008812827748068,6,0.09978341345312834,23,-59.94591219852257,-34.135521722948944,-54.814498282826364,-34.44285770099226,-74.34105799117675,-14.218974400202782,-124.04824855921676,10.80834699847915,-62.174660724407715,136.10495619304055,0,0,0,1,D,S,0.0,2.7,-28.0,1,0,-3.5,-0.8,115.0,87.0,-1,0,0,0,1,0,0,0
K1759T,1759,34.22,34.16,90.61428571428571,208,0.2205935044452944,0.22585965287724216,0.05180180192598612,0,2,2,0.09598057029258879,3,0.15542482849266787,10,0.13478064069307355,31,-73.12173028304136,-20.38499489067744,-129.1643916830075,77.34241906766853,-66.38642445414885,140.29761170240977,-68.44618041617693,-24.048874753414452,-110.25096437217714,19.859453396581078,1,0,0,1,K,T,0.0,3.2,-27.0,-1,0,-3.9,-0.7,128.0,101.0,1,0,0,0,1,0,0,0
I1760F,1760,34.33,34.16,88.68545454545455,208,0.28701563551354187,0.29991383844175895,0.9918888100103646,0,3,3,0.6315634738349056,3,0.38002594746114304,11,0.2504733009871422,35,-124.39915215796253,69.3217071649732,-63.83214709489195,122.77895504224912,-74.61431946987004,-12.857106994275473,-98.52773925054036,10.982181935984217,-61.04855449200372,128.23433735191648,1,0,0,1,I,F,1.0,-1.7000000000000002,34.0,0,1,4.5,2.8,113.0,147.0,0,0,0,1,0,1,0,0
I1766V,1766,34.59,34.16,93.40571428571427,208,0.2916203029425247,0.3090406342211085,0.10719366818374376,0,2,2,0.07491538396082116,4,0.07641928380252078,14,0.10321767598275301,41,-96.40374756957827,140.50949811144307,-102.47783646751891,121.40451115805197,-117.31663089432301,123.96888815044036,-103.5342916569051,113.15659140669854,-82.77561977365048,88.45632825665433,1,0,0,1,I,V,4.0,-0.2999999999999998,-14.0,0,0,4.5,4.2,113.0,99.0,0,0,0,0,0,0,0,0
C1768R,1768,34.01,34.16,77.38909090909091,207,0.3967944772012318,0.3914642604305203,0.76080667163247,0,6,6,0.5551340439200481,4,0.7753871762674365,14,0.5067861026399987,38,-112.65161117428917,120.61394908891853,-103.48796371957715,118.66264427369123,-79.8599812796421,122.50120603387506,-126.23482288792394,139.29450864797886,79.82214442132288,-173.97301028471222,1,0,0,1,C,R,-4.0,-7.0,53.0,1,0,2.5,-4.5,103.0,156.0,0,1,0,0,1,1,1,0
G1770V,1770,34.74,34.16,84.97714285714285,207,0.24620640198408902,0.26940140349132136,0.7691325514972587,0,3,3,0.463346874241527,3,0.3028809061561796,8,0.21829340737894032,31,-82.6294104115307,89.48218788409058,-83.45110514274747,111.23492788178916,-62.25716841790746,154.42415467507226,-90.83685697875745,155.25289227163373,-122.53965947231671,153.5289080207296,1,0,0,1,G,V,-1.0,4.6000000000000005,42.0,0,0,-0.4,4.2,57.0,99.0,0,0,0,0,0,1,0,1
F1772R,1772,34.24,34.16,74.29272727272728,208,0.3687906048581349,0.4027418532341679,0.44198045636652533,1,5,6,0.3303558244772666,3,0.6319472177578951,11,1.9845486907764984,26,79.03741093045629,-174.91789833601666,-68.24471543340445,153.48576175590085,-138.30742064082258,151.99874056030376,-120.64403348011088,149.31158964556366,63.59213437985926,-4.366639399455051,1,0,0,1,F,R,-4.0,-7.3,9.0,1,-1,2.8,-4.5,147.0,156.0,0,1,1,0,1,1,1,0
N1774L,1774,34.48,34.16,85.6575,208,0.24619816708143882,0.2578728886525922,0.13143568597761074,0,2,2,0.12918784450839338,3,1.1098201751620544,7,1.7182707392169292,30,-124.46041968093996,148.4525675616581,-110.25934691465574,149.24876626387663,62.319502633327204,-11.547850354742458,-135.9232866297987,115.13826296234726,-59.15487223065242,144.36017614075556,1,0,0,1,N,L,-3.0,7.3,-1.0,0,0,-3.5,3.8,114.0,113.0,0,0,0,0,0,0,0,1
M1775I,1775,34.41,34.16,90.675,207,0.5017760457032768,0.49274893598718356,0.45416331727383924,0,6,6,0.3399529755560204,3,0.3908328524414114,10,2.430574863620244,33,-109.93337654988746,150.73466356017684,66.80448137173344,-32.55495871970554,-112.98761735531377,117.94372593011877,-58.849146852005674,143.3840046182736,-56.06705875699676,-41.18588524571868,1,0,0,1,M,I,2.0,2.6,-18.0,0,0,1.9,4.5,131.0,113.0,0,0,0,0,0,0,0,0
M1775K,1775,34.33,34.16,65.95666666666666,205,0.39300010736486,0.4060947448110559,0.5332055326108045,1,6,7,0.7465414377733192,3,16.889852920555242,10,20.88849020644229,33,-106.30266374113873,143.05427879272057,55.313489931940445,-2.0470221707055907,-129.16985621495985,107.44970480151892,-50.73974273177317,137.25094462563885,-49.63334314246057,-41.912856858565235,0,0,0,1,M,K,0.0,-5.8,-3.0,1,0,1.9,-3.9,131.0,128.0,0,1,0,0,1,0,1,0
M1775R,1775,34.26,34.16,61.60818181818181,205,0.3633755786454976,0.38029952177428966,0.24852848351686754,0,6,6,0.2338875950243188,3,25.96100971500266,10,31.82482821754394,33,-107.16836028733474,157.81059775436276,65.66608542321922,-17.57694680264134,-140.39645636941114,123.63240642213145,-58.41748909399998,143.3360989686919,-52.69368787962926,-43.59988869973051,1,0,0,1,M,R,0.0,-6.4,25.0,1,0,1.9,-4.5,131.0,156.0,0,1,0,0,1,1,1,0
M1775V,1775,34.78,34.16,87.40142857142858,208,0.18083293271835002,0.2075745441562044,0.6222338402327329,0,0,0,0.5015363454584978,3,0.45288758716984867,10,5.434876794472473,33,-116.99031117926668,150.5311229632529,66.54285923412955,-32.675468724616024,-112.78068660291999,117.0792254625158,-59.05749375175811,144.38605418728403,-57.41444080275382,-41.8410567359083,1,0,0,1,M,V,2.0,2.3000000000000003,-32.0,0,0,1.9,4.2,131.0,99.0,0,0,0,0,0,0,0,0
T1777S,1777,34.62,34.16,90.46333333333335,208,0.2557299920765924,0.2977250382034495,0.15807098248856388,0,3,3,0.14208000756876543,3,0.14506297243669838,11,0.1399975710832081,26,-142.8591605510384,113.95819140650772,-59.305046491993394,144.42298360457798,-57.622296469022515,-38.67581695627125,-63.425111171633446,-34.53923042236489,-72.32102058337081,-37.274119195523994,0,0,0,1,T,S,1.0,-0.10000000000000009,-14.0,0,0,-0.7,-0.8,101.0,87.0,0,0,0,0,0,0,0,0
V1784A,1784,34.45,34.16,95.93,208,0.17450499967409044,0.17403784784370455,0.15014373381957286,0,1,1,0.11039718215773248,4,0.13834875157412768,16,0.12584491595514166,41,-60.289144868816464,-40.78108789047745,-58.070092991308535,-45.97624311577076,-64.06450436644658,-40.72758629503157,-62.27294783300038,-45.01067828163825,-58.16888607037646,-34.293333761542684,0,0,0,1,V,A,0.0,-2.4000000000000004,-28.0,0,0,4.2,1.8,99.0,71.0,0,0,0,0,0,0,0,0
S1797R,1797,34.37,34.16,79.04454545454546,207,0.4494301702952321,0.4512295535690555,0.26568198258159903,0,7,7,0.19588247315450721,3,0.19840759976123007,8,0.20938030943725,21,-57.53241689939441,-29.954430514106893,-74.4063554681144,-10.384952141822419,-100.60963922690689,9.298930893905963,-61.36753265717406,138.09214343878656,-79.46018734987443,111.15901416983677,0,0,0,1,S,R,0.0,-3.7,69.0,1,0,-0.8,-4.5,87.0,156.0,0,1,0,0,1,1,0,0
L1800R,1800,34.19,34.16,69.94,207,0.2190072487425733,0.2564128708528467,0.1354515477567614,0,3,3,0.2349364556095613,3,0.479341513501358,6,0.34349406955990386,16,-61.098692516435335,137.22489343064137,-68.85205013051578,117.44174826787804,-82.64881960844674,92.48635029953635,-169.17961785625894,163.54764725041593,-78.67557646671885,114.43680091738337,1,0,0,1,L,R,-3.0,-8.3,43.0,1,0,3.8,-4.5,113.0,156.0,0,1,0,0,1,1,1,0
P1806K,1806,34.8,34.16,89.42555555555556,208,0.27582469731781734,0.30008520129106403,0.3626449993325198,2,1,3,0.23923367634852133,4,0.3084162711155492,13,0.48511677095694206,34,-91.80118250815391,120.57542178682418,-87.72856032298671,108.17005205346466,-94.06210334696279,138.42210492597818,-140.60305797174905,133.46809975314548,-103.59205395807632,124.96835640883049,0,0,0,1,P,K,-1.0,-2.3,31.0,1,0,-1.6,-3.9,97.0,128.0,0,1,0,0,1,1,0,0
I1807T,1807,34.34,34.16,91.29142857142857,208,0.1604178599264389,0.21838044062890555,0.03956541654152165,0,0,0,0.09708025390603672,4,0.08764505924248513,13,0.11557409230221992,42,-108.0692092543265,94.91432068989562,-71.80178621329648,142.8173017066664,-144.9876133059297,132.72293716949986,-102.07225113146421,126.0755019751621,-107.78451702157903,126.1035765166503,1,0,0,1,I,T,0.0,-5.2,-12.0,0,0,4.5,-0.7,113.0,101.0,0,0,0,0,0,0,1,0
Q1811A,1811,34.31,34.16,90.782,208,0.21933258290420102,0.25986067436903004,0.20348685283304785,0,2,2,0.18297107510600846,3,0.20747650683465887,13,0.7924585671671985,39,-109.1053483011524,127.30323201763576,-132.50762717028314,150.97505289770078,-110.74422382369458,96.04264347654255,-53.40997590468177,-37.00813860986111,-64.05727826492834,-18.268398650941315,1,0,0,1,Q,A,0.0,5.3,-57.0,0,0,-3.5,1.8,128.0,71.0,0,0,0,0,0,0,0,1
D1813S,1813,34.76,34.16,86.25166666666667,208,0.46199821887270953,0.460181374207394,0.5680255036086784,0,7,7,0.40689302226508106,3,0.7905524601171594,6,5.107864376916804,27,-117.68103060557468,95.30550691413377,-53.776626908583665,-35.942006564243165,-66.09155749525013,-17.545021778994148,-86.92975559108288,-15.396672809229779,-86.55656654147474,99.71142071068404,1,0,0,1,D,S,0.0,2.7,-28.0,1,0,-3.5,-0.8,115.0,87.0,-1,0,0,0,1,0,0,0
A1814W,1814,34.5,34.16,66.95785714285715,207,0.23622176544130052,0.26336455946177145,1.0023803836227974,0,2,2,0.7010290136435066,3,0.48081273819919423,9,9.688437856357421,24,-57.30173629765976,-35.63086087594373,-59.33034776362396,-21.092373402373113,-108.67946932953052,1.7280906999968155,-76.1196010721026,118.26124474738664,-83.50762808135518,-19.265281270053805,0,0,0,1,A,W,-6.0,-2.7,115.0,0,1,1.8,-0.9,71.0,186.0,0,0,0,1,0,1,1,0
T1816S,1816,33.82,34.16,75.27333333333335,208,0.1691696815409293,0.17431064299524607,0.23114917242066157,0,1,1,0.2943437573831187,3,0.30798665911918244,6,11.656993197580801,19,-89.0076239909827,-10.96761044700829,-84.09181947117284,132.6010822546685,-79.23034197446441,-22.88506405083595,-107.08747816955854,120.99992286330509,-62.763744373541016,-15.719720342180633,0,0,0,1,T,S,1.0,-0.10000000000000009,-14.0,0,0,-0.7,-0.8,101.0,87.0,0,0,0,0,0,0,0,0
I1824W,1824,34.06,34.16,60.61357142857143,200,0.3021009483392693,0.3276388362145295,0.7087850079967215,2,3,5,0.545797886836547,3,0.4164188042824336,11,0.41912429565758635,31,-80.37723515767904,-16.53296478309813,-94.95067201653725,-1.9152272805803356,-72.71645125301637,-23.015297093299825,-58.580317675459945,-12.392675383737235,-83.36108988156492,-21.85164567287833,0,0,0,1,I,W,-5.0,-5.4,73.0,0,1,4.5,-0.9,113.0,186.0,0,0,0,1,0,1,1,0
V1838E,1838,34.17,34.16,90.96777777777778,208,0.3133345433372847,0.33320204471734177,0.0894857526914265,1,3,4,0.09825843337142198,3,0.1268579112056963,10,0.6039889810052603,45,-61.367632133952675,-25.570377280847385,-61.14559407158091,-46.92131832891719,-63.05924023895815,-51.12726350671376,-63.57817255938013,-42.480514395783814,-68.78604788957033,-40.40377813125417,0,0,0,1,V,E,-2.0,-7.7,30.0,-1,0,4.2,-3.5,99.0,129.0,0,-1,0,0,1,1,1,0
L1839S,1839,33.79,34.16,94.45666666666666,208,0.2904837030070343,0.30996655022222863,0.1206546008199841,0,2,2,0.11112757945071518,4,0.09425657987132878,10,30.018541023792988,43,-58.07600482650516,-44.06513250956317,-66.3373149475147,-50.01971398381253,-59.131691958277266,-45.32134681416476,-70.50379839493316,-41.45434447764822,-62.018320316971504,-41.80067146339899,0,0,0,1,L,S,-3.0,-4.6,-26.0,0,0,3.8,-0.8,113.0,87.0,0,0,0,0,0,0,1,0
S1841R,1841,34.58,34.16,87.12090909090908,208,0.3675874021905982,0.3903797147923263,0.14970263879940016,3,4,7,0.9386177807564496,4,0.5953502677339417,13,0.3847256732368281,33,-63.610873831662666,-44.320747279572316,-67.29664178649426,-42.27502021349058,-64.92842637149955,-37.62997351124198,-71.32891961871493,-47.37174581365418,-57.88108606722678,-44.1930688274319,0,0,0,1,S,R,0.0,-3.7,69.0,1,0,-0.8,-4.5,87.0,156.0,0,1,0,0,1,1,0,0
Y1845K,1845,34.68,34.16,88.5111111111111,208,0.3262459697540344,0.35789048038134363,0.3551127883910094,4,1,5,0.2613950354633153,4,0.24792348360870223,14,0.2626674144857185,42,-56.76319906852009,-43.11965432933098,-82.72079367534505,-12.276943949175006,49.97074906937714,41.114992437726556,-144.10222400997273,125.37430773244652,-62.46652192381962,115.91047567098285,0,0,0,1,Y,K,-4.0,-2.5999999999999996,-35.0,1,-1,-1.3,-3.9,163.0,128.0,0,1,1,0,1,0,0,0
Y1845R,1845,34.0,34.16,88.3709090909091,208,0.3583990495865067,0.38587103314872634,0.19567354721802124,4,0,4,0.1135240718518464,4,0.11162378797624316,14,0.12000569234870544,42,-57.378414892318645,-42.90476794163773,-82.1035271157856,-11.765288287173878,49.10623100008598,43.58362932838672,-147.82902329052706,123.53655069503353,-59.97675265384724,116.4148913194517,0,0,0,1,Y,R,-4.0,-3.2,-7.0,1,-1,-1.3,-4.5,163.0,156.0,0,1,1,0,1,0,0,0
E1849R,1849,34.79,34.16,80.08727272727273,208,0.27217668035792475,0.2798976629205024,0.1334578218249928,0,3,3,0.10132686556310737,3,0.08223559689231821,7,0.07468188981271986,17,-60.83926797365465,114.20176672720858,-76.71515992564801,153.54584746620154,-65.50732570866435,141.7947031328653,-70.91869933455507,-26.949694176716598,-49.226614767077955,-44.28350954233067,0,0,0,1,E,R,-1.0,-1.0,27.0,2,0,-3.5,-4.5,129.0,156.0,-1,1,0,0,1,1,0,0
L1854V,1854,34.44,34.16,89.5142857142857,208,0.292409078945481,0.3231862018254214,0.17109143276379962,0,3,3,0.14458475611393967,4,0.1502917624036273,11,4.04566274187933,30,-80.1834787316698,-11.165054902782373,-116.19892879109095,-10.495598478774008,-60.892208598785274,134.15015634319388,-97.75158374757389,125.32949672509294,-56.30561118075241,132.8383079933108,0,0,0,1,L,V,2.0,0.40000000000000036,-14.0,0,0,3.8,4.2,113.0,99.0,0,0,0,0,0,0,0,0
Q1857M,1857,34.51,34.16,84.41375000000001,207,0.34858734727403556,0.39201271558472733,0.3464025766812473,2,3,5,0.42973860800085834,4,0.4410487820794778,11,0.5472664165423967,24,-99.11215407545767,127.26704886283825,-60.1088981773204,123.07616475639612,-92.84319089797512,147.6685143135385,-71.59046700840956,120.87570922177409,-62.17025797629606,145.5022707086937,0,0,0,1,Q,M,1.0,5.4,3.0,0,0,-3.5,1.9,128.0,131.0,0,0,0,0,0,1,0,1
I1858T,1858,34.47,34.16,84.95857142857143,208,0.2630731778060147,0.29463389669060197,0.38238403785063907,0,3,3,0.3802252501459672,3,0.33465416621313,9,0.5341760024871993,19,-55.127292444976774,128.98936433078072,-105.24960928357034,143.12179466717114,-70.74669056610733,124.00134164732718,-62.81249863680763,148.56972724443017,-54.575390874394444,116.53350972030998,0,0,0,1,I,T,0.0,-5.2,-12.0,0,0,4.5,-0.7,113.0,101.0,0,0,0,0,0,0,1,0
