feature,group,sp_without,sp_std_without,r2_without,r2_std_without,delta_sp,delta_r2,auroc_without,delta_auroc
am_pathogenicity,AlphaMissense,0.49978021978021986,0.19852176808677433,0.4217285037075705,0.10807516362745156,0.057142857142857106,0.08226160321992054,0.9861111111111112,0.00868055555555558
am_pathogenicity_sq,Engineered,0.5076923076923078,0.1980267345844798,0.42874483223588306,0.1031562725490956,0.04923076923076919,0.07524527469160797,0.986111111111111,0.008680555555555691
mutant_ca_displacement,Structural,0.5367032967032968,0.17230769230769236,0.4958639483995165,0.12010339242515115,0.020219780219780215,0.008126158527974547,0.9895833333333333,0.005208333333333481
am_class_enc,AlphaMissense,0.5454945054945055,0.1966088544843163,0.4823364034776386,0.12219686095769752,0.011428571428571455,0.0216537034498524,0.984375,0.01041666666666674
delta_aromaticity,Biochemical,0.5481318681318681,0.18196740426634908,0.48319449078791676,0.13345898728837516,0.008791208791208871,0.020795616139574258,0.9913194444444444,0.003472222222222321
mutant_plddt,Structural,0.5516483516483517,0.16728725582974913,0.4936701860916644,0.11959532628058074,0.005274725274725278,0.010319920835826613,0.9913194444444444,0.003472222222222321
delta_size,Biochemical,0.5525274725274725,0.21321898477089482,0.47795117619045113,0.13958153319369068,0.004395604395604491,0.02603893073703989,0.9895833333333334,0.00520833333333337
backbone_rmsd,Structural,0.5551648351648353,0.1735768464623745,0.48647091210332183,0.12914644895979158,0.0017582417582416854,0.017519194824169193,0.9930555555555556,0.0017361111111111605
is_size_increase,Biochemical,0.5560439560439561,0.18977611555976182,0.4825046964868173,0.13081975440413154,0.0008791208791208982,0.021485410440673702,0.9930555555555556,0.0017361111111111605
is_disordered_variant,Structural,0.5578021978021978,0.18364159714878625,0.49004366719539183,0.1285789345967714,-0.0008791208791207872,0.013946439732099192,0.986111111111111,0.008680555555555691
plddt_rmsd,Engineered,0.5604395604395604,0.14126244330728469,0.48455397430416464,0.11928155742057434,-0.003516483516483482,0.019436132623326385,0.9913194444444444,0.003472222222222321
shell_rmsd_5A,Structural,0.5604395604395606,0.1592640968011551,0.49732665635317186,0.120472619510482,-0.003516483516483593,0.006663450574319163,0.9895833333333334,0.00520833333333337
shell_rmsd_8A,Structural,0.5674725274725274,0.17250941320754623,0.5007619367800162,0.12620336110241226,-0.010549450549450445,0.003228170147474785,0.9895833333333334,0.00520833333333337
evoef2_ddg_Total,Evolutionary,0.5674725274725275,0.1777825007087759,0.48656773743530657,0.13154699337836748,-0.010549450549450556,0.017422369492184453,0.9947916666666667,0.0
ca_rmsd,Structural,0.570989010989011,0.15218189308687288,0.4876621370014574,0.12437461541360896,-0.014065934065934038,0.016327969926033636,0.9947916666666667,0.0
ddg_evoef2,Evolutionary,0.5718681318681319,0.14704200106939835,0.4892522494397117,0.12851055197469377,-0.014945054945054936,0.014737857487779338,0.9895833333333333,0.005208333333333481
shell_rmsd_12A,Structural,0.5727472527472527,0.17860222895828057,0.49402306122549866,0.12460177024214023,-0.015824175824175724,0.00996704570199236,0.9930555555555556,0.0017361111111111605
is_hydrophobic_to_polar,Biochemical,0.5762637362637364,0.18544241756040736,0.48627379747484856,0.13245119773012662,-0.019340659340659427,0.017716309452642465,0.9947916666666667,0.0
am_x_evo,Engineered,0.5780219780219781,0.14623562117808514,0.47354573374509623,0.13920760359859727,-0.021098901098901113,0.03044437318239479,0.9913194444444444,0.003472222222222321
delta_charge,Biochemical,0.5806593406593407,0.14580160809827508,0.4848843489035154,0.12961694867455187,-0.023736263736263696,0.019105758023975628,0.9913194444444444,0.003472222222222321
ramachandran_violation,Structural,0.5806593406593408,0.16067963372086078,0.4923243770856313,0.1260875895277125,-0.023736263736263807,0.011665729841859707,0.9913194444444444,0.003472222222222321
is_polar_to_hydrophobic,Biochemical,0.5841758241758243,0.1541247085771332,0.4858706437594288,0.1265436077940759,-0.02725274725274729,0.018119463168062233,0.9947916666666667,0.0
pam250_score,Biochemical,0.5841758241758243,0.17873632285328206,0.4979276724927015,0.11997992969965539,-0.02725274725274729,0.006062434434789543,0.9895833333333334,0.00520833333333337
is_charge_reversal,Biochemical,0.5850549450549452,0.14377322507602808,0.48509634667368723,0.1320867867887527,-0.028131868131868187,0.018893760253803793,0.9947916666666667,0.0
delta_hydrophobicity,Biochemical,0.5938461538461539,0.14837622913980233,0.498429228809184,0.12776638130870724,-0.03692307692307695,0.005560878118307022,0.9895833333333334,0.00520833333333337
